address,purge,source,evidence
0x00402F10,0x0,body,one ret imm over 1 body span(s)
0x00402F30,0x0,tail-jump,one ret imm in the tail-jump target 0x004C67C0 over 3 body span(s)
0x00403AF0,0x0,body,one ret imm over 1 body span(s)
0x00403B70,0x0,body,one ret imm over 1 body span(s)
0x00403BA0,0x0,body,one ret imm over 1 body span(s)
0x00403BE0,0x0,body,one ret imm over 2 body span(s)
0x004043A0,0x4,body,one ret imm over 1 body span(s)
0x00404430,0x4,tail-jump,one ret imm in the tail-jump target 0x004043A0 over 1 body span(s)
0x00404440,0x0,body,one ret imm over 1 body span(s)
0x00404460,0x0,tail-jump,one ret imm in the tail-jump target 0x005E3820 over 1 body span(s)
0x00404470,0x0,body,one ret imm over 1 body span(s)
0x00404490,0x0,tail-jump,one ret imm in the tail-jump target 0x005E3820 over 1 body span(s)
0x004044A0,0x0,body,one ret imm over 1 body span(s)
0x004044C0,0x0,tail-jump,one ret imm in the tail-jump target 0x005E3820 over 1 body span(s)
0x004044D0,0x0,body,one ret imm over 1 body span(s)
0x004044F0,0x0,tail-jump,one ret imm in the tail-jump target 0x005E3820 over 1 body span(s)
0x00404500,0x0,body,one ret imm over 1 body span(s)
0x00404520,0x0,tail-jump,one ret imm in the tail-jump target 0x005E3820 over 1 body span(s)
0x00404530,0x0,body,one ret imm over 1 body span(s)
0x00404550,0x0,tail-jump,one ret imm in the tail-jump target 0x005E3820 over 1 body span(s)
0x00404560,0x0,body,one ret imm over 1 body span(s)
0x00404580,0x0,tail-jump,one ret imm in the tail-jump target 0x005E3820 over 1 body span(s)
0x00404590,0x0,body,one ret imm over 1 body span(s)
0x004045B0,0x0,tail-jump,one ret imm in the tail-jump target 0x005E3820 over 1 body span(s)
0x004045C0,0x0,body,one ret imm over 1 body span(s)
0x004045E0,0x0,tail-jump,one ret imm in the tail-jump target 0x005E3820 over 1 body span(s)
0x004045F0,0x0,body,one ret imm over 1 body span(s)
0x00404610,0x0,tail-jump,one ret imm in the tail-jump target 0x005E3820 over 1 body span(s)
0x00404620,0x0,body,one ret imm over 1 body span(s)
0x00404640,0x0,tail-jump,one ret imm in the tail-jump target 0x005E3820 over 1 body span(s)
0x00404650,0x0,body,one ret imm over 1 body span(s)
0x00404670,0x0,tail-jump,one ret imm in the tail-jump target 0x005E3820 over 1 body span(s)
0x00404680,0x0,body,one ret imm over 1 body span(s)
0x004046A0,0x0,tail-jump,one ret imm in the tail-jump target 0x005E3820 over 1 body span(s)
0x004046B0,0x0,body,one ret imm over 1 body span(s)
0x004046D0,0x0,tail-jump,one ret imm in the tail-jump target 0x005E3820 over 1 body span(s)
0x004046E0,0x0,body,one ret imm over 1 body span(s)
0x00404700,0x0,tail-jump,one ret imm in the tail-jump target 0x005E3820 over 1 body span(s)
0x00404710,0x0,body,one ret imm over 1 body span(s)
0x00404730,0x0,tail-jump,one ret imm in the tail-jump target 0x005E3820 over 1 body span(s)
0x00404740,0x0,body,one ret imm over 1 body span(s)
0x00404760,0x0,tail-jump,one ret imm in the tail-jump target 0x005E3820 over 1 body span(s)
0x00404770,0x0,body,one ret imm over 1 body span(s)
0x00404790,0x0,tail-jump,one ret imm in the tail-jump target 0x005E3820 over 1 body span(s)
0x004047A0,0x0,body,one ret imm over 1 body span(s)
0x004047C0,0x0,tail-jump,one ret imm in the tail-jump target 0x005E3820 over 1 body span(s)
0x004047D0,0x0,body,one ret imm over 1 body span(s)
0x004047F0,0x0,tail-jump,one ret imm in the tail-jump target 0x005E3820 over 1 body span(s)
0x00404800,0x0,body,one ret imm over 1 body span(s)
0x00404820,0x0,tail-jump,one ret imm in the tail-jump target 0x005E3820 over 1 body span(s)
0x00404830,0x0,body,one ret imm over 1 body span(s)
0x00404850,0x0,tail-jump,one ret imm in the tail-jump target 0x005E3820 over 1 body span(s)
0x00404860,0x0,body,one ret imm over 1 body span(s)
0x00404FB0,0x0,body,one ret imm over 2 body span(s)
0x00405140,0x0,body,one ret imm over 2 body span(s)
0x004055A0,0x0,body,one ret imm over 2 body span(s)
0x00406850,0x0,tail-jump,one ret imm in the tail-jump target 0x005E3820 over 1 body span(s)
0x00406B40,0x4,body,one ret imm over 1 body span(s)
0x00406BD0,0x4,body,one ret imm over 1 body span(s)
0x00406F20,0x4,body,one ret imm over 1 body span(s)
0x004070B0,0x4,tail-jump,one ret imm in the tail-jump target 0x00406B40 over 1 body span(s)
0x004070C0,0x4,tail-jump,one ret imm in the tail-jump target 0x00406F20 over 1 body span(s)
0x004070D0,0x4,tail-jump,one ret imm in the tail-jump target 0x00406BD0 over 1 body span(s)
0x004070E0,0x4,tail-jump,one ret imm in the tail-jump target 0x004068E0 over 1 body span(s)
0x004072D0,0x0,body,one ret imm over 1 body span(s)
0x00408080,0x4,body,one ret imm over 1 body span(s)
0x00408140,0x4,body,one ret imm over 1 body span(s)
0x00408390,0x4,tail-jump,one ret imm in the tail-jump target 0x00408140 over 1 body span(s)
0x004083A0,0x4,tail-jump,one ret imm in the tail-jump target 0x00408080 over 1 body span(s)
0x004083B0,0x0,body,one ret imm over 1 body span(s)
0x004083D0,0x0,tail-jump,one ret imm in the tail-jump target 0x00420A70 over 3 body span(s)
0x004083E0,0x0,body,one ret imm over 1 body span(s)
0x00408400,0x0,tail-jump,one ret imm in the tail-jump target 0x004C67C0 over 3 body span(s)
0x00408410,0x0,body,one ret imm over 1 body span(s)
0x00416580,0xC,body,one ret imm over 1 body span(s)
0x0041AF40,0x0,body,one ret imm over 1 body span(s)
0x004213A0,0x4,body,one ret imm over 1 body span(s)
0x004213D0,0x4,body,one ret imm over 1 body span(s)
0x00421640,0x4,body,one ret imm over 1 body span(s)
0x00421810,0x4,tail-jump,one ret imm in the tail-jump target 0x004213D0 over 1 body span(s)
0x00421970,0x4,tail-jump,one ret imm in the tail-jump target 0x004213A0 over 1 body span(s)
0x004219B0,0x0,body,one ret imm over 1 body span(s)
0x004219D0,unknown,none,"a direct tail jump over 1 body span(s) to 0x00422ED0, which reaches no ret of its own; that is a chain, and this gate does not take a second hop"
0x00422EB0,0x0,tail-jump,one ret imm in the tail-jump target 0x0045D380 over 1 body span(s)
0x00422EC0,0x0,tail-jump,one ret imm in the tail-jump target 0x0045D380 over 1 body span(s)
0x00422F20,0x0,body,one ret imm over 2 body span(s)
0x00423000,0x0,body,one ret imm over 2 body span(s)
0x00423570,0x0,body,one ret imm over 2 body span(s)
0x004243A0,0x0,body,one ret imm over 1 body span(s)
0x004243C0,0x0,tail-jump,one ret imm in the tail-jump target 0x00428550 over 2 body span(s)
0x004243D0,0x0,body,one ret imm over 1 body span(s)
0x004243F0,0x0,body,one ret imm over 1 body span(s)
0x00428350,0x0,body,one ret imm over 1 body span(s)
0x00428740,0x4,tail-jump,one ret imm in the tail-jump target 0x00428710 over 1 body span(s)
0x00428750,0x0,body,one ret imm over 1 body span(s)
0x00428770,0x0,tail-jump,one ret imm in the tail-jump target 0x004C67C0 over 3 body span(s)
0x00428DD0,0x0,body,one ret imm over 1 body span(s)
0x00428DF0,0x0,body,one ret imm over 2 body span(s)
0x00428E60,0x4,body,one ret imm over 1 body span(s)
0x00428F80,0x4,tail-jump,one ret imm in the tail-jump target 0x00428E60 over 1 body span(s)
0x00428F90,0x0,body,one ret imm over 1 body span(s)
0x00428FB0,0x0,tail-jump,one ret imm in the tail-jump target 0x00432290 over 2 body span(s)
0x00432830,0x4,tail-jump,one ret imm in the tail-jump target 0x00432770 over 1 body span(s)
0x00432840,0x4,tail-jump,one ret imm in the tail-jump target 0x00432800 over 1 body span(s)
0x00432850,0x0,body,one ret imm over 1 body span(s)
0x00432870,0x0,tail-jump,one ret imm in the tail-jump target 0x0043ECB0 over 2 body span(s)
0x00432880,0x0,body,one ret imm over 1 body span(s)
0x004328A0,0x0,tail-jump,one ret imm in the tail-jump target 0x004C67C0 over 3 body span(s)
0x004329B0,0xC,body,one ret imm over 1 body span(s)
0x00432CC0,0xC,body,one ret imm over 1 body span(s)
0x00433170,0xC,body,one ret imm over 1 body span(s)
0x0043C170,unknown,none,"a direct tail jump over 1 body span(s) to 0x004BDEA0, but it moves the stack pointer first, so the target's purge is not this body's"
0x0043EDB0,0x4,body,one ret imm over 1 body span(s)
0x0043EDE0,0x4,body,one ret imm over 1 body span(s)
0x0043EFA0,0x4,tail-jump,one ret imm in the tail-jump target 0x0043EDB0 over 1 body span(s)
0x0043EFB0,0x4,tail-jump,one ret imm in the tail-jump target 0x0043EDE0 over 1 body span(s)
0x0043EFC0,0x0,body,one ret imm over 1 body span(s)
0x0043EFE0,0x0,tail-jump,one ret imm in the tail-jump target 0x00440D50 over 2 body span(s)
0x0043F200,0x0,body,one ret imm over 1 body span(s)
0x0043F250,0x0,body,one ret imm over 1 body span(s)
0x00440EF0,0x4,tail-jump,one ret imm in the tail-jump target 0x00440EC0 over 1 body span(s)
0x00440F00,0x0,body,one ret imm over 1 body span(s)
0x00440F20,0x0,tail-jump,one ret imm in the tail-jump target 0x00444DB0 over 2 body span(s)
0x00440F80,0x0,body,one ret imm over 1 body span(s)
0x00441250,0x0,body,one ret imm over 1 body span(s)
0x004412A0,0x0,body,one ret imm over 1 body span(s)
0x00444D90,0x0,body,one ret imm over 1 body span(s)
0x00445120,0x4,tail-jump,one ret imm in the tail-jump target 0x00445080 over 1 body span(s)
0x00445130,0x0,body,one ret imm over 1 body span(s)
0x00445450,0x0,body,one ret imm over 1 body span(s)
0x00445480,0x0,body,one ret imm over 1 body span(s)
0x004454A0,0x0,body,one ret imm over 1 body span(s)
0x004454C0,0x0,tail-jump,one ret imm in the tail-jump target 0x004C67C0 over 3 body span(s)
0x004454D0,0x0,body,one ret imm over 1 body span(s)
0x004454F0,0x0,tail-jump,one ret imm in the tail-jump target 0x004C67C0 over 3 body span(s)
0x00445500,0x0,body,one ret imm over 1 body span(s)
0x00445520,0x0,tail-jump,one ret imm in the tail-jump target 0x004C67C0 over 3 body span(s)
0x00445530,0x0,body,one ret imm over 1 body span(s)
0x00445550,0x0,tail-jump,one ret imm in the tail-jump target 0x004C67C0 over 3 body span(s)
0x00445560,0x0,body,one ret imm over 1 body span(s)
0x00445580,0x0,tail-jump,one ret imm in the tail-jump target 0x004C67C0 over 3 body span(s)
0x00445590,0x0,body,one ret imm over 1 body span(s)
0x004455B0,0x0,tail-jump,one ret imm in the tail-jump target 0x00448290 over 1 body span(s)
0x004455C0,0x0,body,one ret imm over 1 body span(s)
0x004455E0,unknown,none,"a direct tail jump over 1 body span(s) to 0x004483C0, which reaches no ret of its own; that is a chain, and this gate does not take a second hop"
0x004455F0,0x0,body,one ret imm over 1 body span(s)
0x00445650,0x0,body,one ret imm over 1 body span(s)
0x004456A0,0x0,tail-jump,one ret imm in the tail-jump target 0x004C6920 over 1 body span(s)
0x004456B0,0x0,body,one ret imm over 1 body span(s)
0x004457C0,0x0,body,one ret imm over 1 body span(s)
0x004457E0,0x0,body,one ret imm over 2 body span(s)
0x00446B40,0x0,body,one ret imm over 1 body span(s)
0x00446D10,0x0,body,one ret imm over 1 body span(s)
0x004483D0,0x0,body,one ret imm over 1 body span(s)
0x004483F0,0x0,tail-jump,one ret imm in the tail-jump target 0x0044B100 over 2 body span(s)
0x0044AE50,0x0,body,one ret imm over 1 body span(s)
0x0044B000,0x0,body,one ret imm over 1 body span(s)
0x0044B070,0x0,body,one ret imm over 1 body span(s)
0x0044B300,0x4,body,one ret imm over 1 body span(s)
0x0044B330,0x4,tail-jump,one ret imm in the tail-jump target 0x0044B300 over 1 body span(s)
0x0044B380,0x0,body,one ret imm over 1 body span(s)
0x0044B9E0,0x0,body,one ret imm over 1 body span(s)
0x0044C7D0,0x0,body,one ret imm over 1 body span(s)
0x0044C7F0,0x0,body,one ret imm over 1 body span(s)
0x0044C880,0x0,body,one ret imm over 1 body span(s)
0x0044C910,0x0,body,one ret imm over 1 body span(s)
0x0044C940,0x0,body,one ret imm over 1 body span(s)
0x0044C980,0x0,body,one ret imm over 1 body span(s)
0x0044C9B0,0x0,body,one ret imm over 1 body span(s)
0x0044C9E0,0x0,body,one ret imm over 1 body span(s)
0x0044CA10,0x0,body,one ret imm over 1 body span(s)
0x0044CA40,0x0,body,one ret imm over 1 body span(s)
0x0044CA70,0x0,body,one ret imm over 1 body span(s)
0x0044CAD0,0x0,body,one ret imm over 1 body span(s)
0x0044CB30,0x0,body,one ret imm over 1 body span(s)
0x0044CB80,0x0,body,one ret imm over 1 body span(s)
0x0044CC20,0x0,body,one ret imm over 1 body span(s)
0x0044CC40,0x0,tail-jump,one ret imm in the tail-jump target 0x005D7410 over 2 body span(s)
0x0044CC50,0x0,body,one ret imm over 1 body span(s)
0x0044CC80,0x0,body,one ret imm over 1 body span(s)
0x0044CCA0,0x0,body,one ret imm over 1 body span(s)
0x0044CCD0,0x0,body,one ret imm over 1 body span(s)
0x0044CCF0,0x0,body,one ret imm over 1 body span(s)
0x0044CD20,0x0,body,one ret imm over 1 body span(s)
0x0044CD40,0x0,body,one ret imm over 1 body span(s)
0x0044CD70,0x0,body,one ret imm over 1 body span(s)
0x0044CD90,0x0,body,one ret imm over 1 body span(s)
0x0044CDC0,0x0,body,one ret imm over 1 body span(s)
0x0044CDE0,0x0,body,one ret imm over 1 body span(s)
0x0044CE10,0x0,body,one ret imm over 1 body span(s)
0x0044CE30,0x0,body,one ret imm over 1 body span(s)
0x0044CE60,0x0,body,one ret imm over 1 body span(s)
0x0044CE80,0x0,body,one ret imm over 1 body span(s)
0x0044CEB0,0x0,body,one ret imm over 1 body span(s)
0x0044CED0,0x0,body,one ret imm over 1 body span(s)
0x0044CF00,0x0,body,one ret imm over 1 body span(s)
0x0044CF20,0x0,body,one ret imm over 1 body span(s)
0x0044CF50,0x0,body,one ret imm over 1 body span(s)
0x0044CF70,0x0,body,one ret imm over 1 body span(s)
0x0044CFA0,0x0,body,one ret imm over 1 body span(s)
0x0044CFC0,0x0,body,one ret imm over 1 body span(s)
0x0044CFE0,0x0,tail-jump,one ret imm in the tail-jump target 0x005E3820 over 1 body span(s)
0x0044CFF0,0x0,body,one ret imm over 1 body span(s)
0x0044D010,0x0,tail-jump,one ret imm in the tail-jump target 0x005E3820 over 1 body span(s)
0x0044D020,0x0,body,one ret imm over 1 body span(s)
0x0044D040,0x0,tail-jump,one ret imm in the tail-jump target 0x005E3820 over 1 body span(s)
0x0044D050,0x0,body,one ret imm over 1 body span(s)
0x0044D070,0x0,tail-jump,one ret imm in the tail-jump target 0x005E3820 over 1 body span(s)
0x0044D080,0x0,body,one ret imm over 1 body span(s)
0x0044D0A0,0x0,tail-jump,one ret imm in the tail-jump target 0x005E3820 over 1 body span(s)
0x0044D0B0,0x0,body,one ret imm over 1 body span(s)
0x0044D0D0,0x0,tail-jump,one ret imm in the tail-jump target 0x005E3820 over 1 body span(s)
0x0044D0E0,0x0,body,one ret imm over 1 body span(s)
0x0044D100,0x0,tail-jump,one ret imm in the tail-jump target 0x005E3820 over 1 body span(s)
0x0044D110,0x0,body,one ret imm over 1 body span(s)
0x0044D130,0x0,tail-jump,one ret imm in the tail-jump target 0x005E3820 over 1 body span(s)
0x0044D140,0x0,body,one ret imm over 1 body span(s)
0x0044D160,0x0,tail-jump,one ret imm in the tail-jump target 0x005D7410 over 2 body span(s)
0x0044D170,0x0,body,one ret imm over 1 body span(s)
0x0044D190,0x0,tail-jump,one ret imm in the tail-jump target 0x00616C60 over 1 body span(s)
0x0044D1A0,0x0,body,one ret imm over 1 body span(s)
0x0044D1C0,0x0,tail-jump,one ret imm in the tail-jump target 0x00616C60 over 1 body span(s)
0x0044D1D0,0x0,body,one ret imm over 1 body span(s)
0x0044D1F0,0x0,tail-jump,one ret imm in the tail-jump target 0x00616C60 over 1 body span(s)
0x0044D200,0x0,body,one ret imm over 1 body span(s)
0x0044D220,0x0,tail-jump,one ret imm in the tail-jump target 0x00616C60 over 1 body span(s)
0x0044D230,0x0,body,one ret imm over 1 body span(s)
0x0044D250,0x0,tail-jump,one ret imm in the tail-jump target 0x00616C60 over 1 body span(s)
0x0044D260,0x0,body,one ret imm over 1 body span(s)
0x0044D280,0x0,tail-jump,one ret imm in the tail-jump target 0x00616C60 over 1 body span(s)
0x0044D290,0x0,body,one ret imm over 1 body span(s)
0x0044D2B0,0x0,tail-jump,one ret imm in the tail-jump target 0x00616C60 over 1 body span(s)
0x0044D2C0,0x0,body,one ret imm over 1 body span(s)
0x0044D2E0,0x0,tail-jump,one ret imm in the tail-jump target 0x00616C60 over 1 body span(s)
0x0044D2F0,0x0,body,one ret imm over 1 body span(s)
0x0044D310,0x0,tail-jump,one ret imm in the tail-jump target 0x00616C60 over 1 body span(s)
0x0044D320,0x0,body,one ret imm over 1 body span(s)
0x0044D340,0x0,tail-jump,one ret imm in the tail-jump target 0x00616C60 over 1 body span(s)
0x0044D350,0x0,body,one ret imm over 1 body span(s)
0x0044D370,0x0,tail-jump,one ret imm in the tail-jump target 0x00616C60 over 1 body span(s)
0x0044D380,0x0,body,one ret imm over 1 body span(s)
0x0044D3A0,0x0,tail-jump,one ret imm in the tail-jump target 0x00616C60 over 1 body span(s)
0x0044D3B0,0x0,body,one ret imm over 1 body span(s)
0x0044D3D0,0x0,tail-jump,one ret imm in the tail-jump target 0x00616C60 over 1 body span(s)
0x0044D3E0,0x0,body,one ret imm over 1 body span(s)
0x0044D400,0x0,tail-jump,one ret imm in the tail-jump target 0x00616C60 over 1 body span(s)
0x0044D410,0x0,body,one ret imm over 1 body span(s)
0x0044D430,0x0,tail-jump,one ret imm in the tail-jump target 0x00616C60 over 1 body span(s)
0x0044D440,0x0,body,one ret imm over 1 body span(s)
0x0044D460,0x0,tail-jump,one ret imm in the tail-jump target 0x00616C60 over 1 body span(s)
0x0044D470,0x0,body,one ret imm over 1 body span(s)
0x0044D490,0x0,tail-jump,one ret imm in the tail-jump target 0x00616C60 over 1 body span(s)
0x0044D4A0,0x0,body,one ret imm over 1 body span(s)
0x0044D4C0,0x0,tail-jump,one ret imm in the tail-jump target 0x00616C60 over 1 body span(s)
0x0044D4D0,0x0,body,one ret imm over 1 body span(s)
0x0044D4F0,0x0,tail-jump,one ret imm in the tail-jump target 0x00616C60 over 1 body span(s)
0x0044D500,0x0,body,one ret imm over 1 body span(s)
0x0044D520,0x0,tail-jump,one ret imm in the tail-jump target 0x00616C60 over 1 body span(s)
0x0044D530,0x0,body,one ret imm over 1 body span(s)
0x0044D550,0x0,tail-jump,one ret imm in the tail-jump target 0x00616C60 over 1 body span(s)
0x0044D560,0x0,body,one ret imm over 1 body span(s)
0x0044D580,0x0,tail-jump,one ret imm in the tail-jump target 0x00616C60 over 1 body span(s)
0x0044D590,0x0,body,one ret imm over 1 body span(s)
0x0044D5C0,0x0,body,one ret imm over 1 body span(s)
0x0044D5E0,0x0,body,one ret imm over 1 body span(s)
0x0044D610,0x0,body,one ret imm over 1 body span(s)
0x0044D630,0x0,body,one ret imm over 1 body span(s)
0x0044D650,0x0,tail-jump,one ret imm in the tail-jump target 0x00616C60 over 1 body span(s)
0x0044D660,0x0,body,one ret imm over 1 body span(s)
0x0044D680,0x0,tail-jump,one ret imm in the tail-jump target 0x00616C60 over 1 body span(s)
0x0044D690,0x0,body,one ret imm over 1 body span(s)
0x0044D6B0,0x0,tail-jump,one ret imm in the tail-jump target 0x00616C60 over 1 body span(s)
0x0044D6C0,0x0,body,one ret imm over 1 body span(s)
0x0044D6E0,0x0,tail-jump,one ret imm in the tail-jump target 0x00616C60 over 1 body span(s)
0x0044D6F0,0x0,body,one ret imm over 1 body span(s)
0x0044D710,0x0,tail-jump,one ret imm in the tail-jump target 0x00616C60 over 1 body span(s)
0x0044D720,0x0,body,one ret imm over 1 body span(s)
0x0044D740,0x0,tail-jump,one ret imm in the tail-jump target 0x00616C60 over 1 body span(s)
0x0044D750,0x0,body,one ret imm over 1 body span(s)
0x0044D770,0x0,tail-jump,one ret imm in the tail-jump target 0x00616C60 over 1 body span(s)
0x0044D780,0x0,body,one ret imm over 1 body span(s)
0x0044D7A0,0x0,tail-jump,one ret imm in the tail-jump target 0x00616C60 over 1 body span(s)
0x0044D7B0,0x0,body,one ret imm over 1 body span(s)
0x0044D7D0,0x0,tail-jump,one ret imm in the tail-jump target 0x00616C60 over 1 body span(s)
0x0044D7E0,0x0,body,one ret imm over 1 body span(s)
0x0044D800,0x0,tail-jump,one ret imm in the tail-jump target 0x00616C60 over 1 body span(s)
0x0044D810,0x0,body,one ret imm over 1 body span(s)
0x0044D830,0x0,tail-jump,one ret imm in the tail-jump target 0x00616C60 over 1 body span(s)
0x0044D840,0x0,body,one ret imm over 1 body span(s)
0x0044D860,0x0,tail-jump,one ret imm in the tail-jump target 0x00616C60 over 1 body span(s)
0x0044D870,0x0,body,one ret imm over 1 body span(s)
0x0044D8A0,0x0,body,one ret imm over 1 body span(s)
0x0044D8C0,0x0,body,one ret imm over 1 body span(s)
0x0044D8F0,0x0,body,one ret imm over 1 body span(s)
0x0044D910,0x0,body,one ret imm over 1 body span(s)
0x0044D930,0x0,tail-jump,one ret imm in the tail-jump target 0x00616C60 over 1 body span(s)
0x0044D940,0x0,body,one ret imm over 1 body span(s)
0x0044D960,0x0,tail-jump,one ret imm in the tail-jump target 0x00616C60 over 1 body span(s)
0x0044D970,0x0,body,one ret imm over 1 body span(s)
0x0044D990,0x0,tail-jump,one ret imm in the tail-jump target 0x00616C60 over 1 body span(s)
0x0044D9A0,0x0,body,one ret imm over 1 body span(s)
0x0044D9C0,0x0,tail-jump,one ret imm in the tail-jump target 0x00616C60 over 1 body span(s)
0x0044D9D0,0x0,body,one ret imm over 1 body span(s)
0x0044D9F0,0x0,tail-jump,one ret imm in the tail-jump target 0x00616C60 over 1 body span(s)
0x0044DA00,0x0,body,one ret imm over 1 body span(s)
0x0044DA20,0x0,tail-jump,one ret imm in the tail-jump target 0x00616C60 over 1 body span(s)
0x0044DA30,0x0,body,one ret imm over 1 body span(s)
0x0044DA50,0x0,tail-jump,one ret imm in the tail-jump target 0x00616C60 over 1 body span(s)
0x0044DA60,0x0,body,one ret imm over 1 body span(s)
0x0044DA80,0x0,tail-jump,one ret imm in the tail-jump target 0x00616C60 over 1 body span(s)
0x0044DA90,0x0,body,one ret imm over 1 body span(s)
0x0044DAB0,0x0,tail-jump,one ret imm in the tail-jump target 0x00616C60 over 1 body span(s)
0x0044DAC0,0x0,body,one ret imm over 1 body span(s)
0x0044DAE0,0x0,tail-jump,one ret imm in the tail-jump target 0x00616C60 over 1 body span(s)
0x0044DAF0,0x0,body,one ret imm over 1 body span(s)
0x0044DB10,0x0,tail-jump,one ret imm in the tail-jump target 0x00616C60 over 1 body span(s)
0x0044DB20,0x0,body,one ret imm over 1 body span(s)
0x0044DB40,0x0,tail-jump,one ret imm in the tail-jump target 0x00616C60 over 1 body span(s)
0x0044DB50,0x0,body,one ret imm over 1 body span(s)
0x0044DB80,0x0,body,one ret imm over 1 body span(s)
0x0044DBA0,0x0,body,one ret imm over 1 body span(s)
0x0044DBC0,0x0,tail-jump,one ret imm in the tail-jump target 0x00616C60 over 1 body span(s)
0x0044DBD0,0x0,body,one ret imm over 1 body span(s)
0x0044DC00,0x0,body,one ret imm over 1 body span(s)
0x0044DC20,0x0,body,one ret imm over 1 body span(s)
0x0044DC40,0x0,tail-jump,one ret imm in the tail-jump target 0x00616C60 over 1 body span(s)
0x0044DC50,0x0,body,one ret imm over 1 body span(s)
0x0044DC70,0x0,tail-jump,one ret imm in the tail-jump target 0x00616C60 over 1 body span(s)
0x0044DC80,0x0,body,one ret imm over 1 body span(s)
0x0044DCA0,0x0,tail-jump,one ret imm in the tail-jump target 0x00616C60 over 1 body span(s)
0x0044DCB0,0x0,body,one ret imm over 1 body span(s)
0x0044DCD0,0x0,tail-jump,one ret imm in the tail-jump target 0x00616C60 over 1 body span(s)
0x0044DCE0,0x0,body,one ret imm over 1 body span(s)
0x0044DD00,0x0,tail-jump,one ret imm in the tail-jump target 0x00616C60 over 1 body span(s)
0x0044DD10,0x0,body,one ret imm over 1 body span(s)
0x0044DD30,0x0,tail-jump,one ret imm in the tail-jump target 0x00616C60 over 1 body span(s)
0x0044DD40,0x0,body,one ret imm over 1 body span(s)
0x0044DD60,0x0,tail-jump,one ret imm in the tail-jump target 0x00616C60 over 1 body span(s)
0x0044DD70,0x0,body,one ret imm over 1 body span(s)
0x0044DD90,0x0,tail-jump,one ret imm in the tail-jump target 0x00616C60 over 1 body span(s)
0x0044DDA0,0x0,body,one ret imm over 1 body span(s)
0x0044DDC0,0x0,tail-jump,one ret imm in the tail-jump target 0x00616C60 over 1 body span(s)
0x0044DDD0,0x0,body,one ret imm over 1 body span(s)
0x0044DE00,0x0,body,one ret imm over 1 body span(s)
0x0044DE20,0x0,body,one ret imm over 1 body span(s)
0x0044DE40,0x0,tail-jump,one ret imm in the tail-jump target 0x00616C60 over 1 body span(s)
0x0044DE50,0x0,body,one ret imm over 1 body span(s)
0x0044DE70,0x0,tail-jump,one ret imm in the tail-jump target 0x00616C60 over 1 body span(s)
0x0044DE80,0x0,body,one ret imm over 1 body span(s)
0x0044DEA0,0x0,tail-jump,one ret imm in the tail-jump target 0x00616C60 over 1 body span(s)
0x0044DEB0,0x0,body,one ret imm over 1 body span(s)
0x0044DEE0,0x0,body,one ret imm over 1 body span(s)
0x0044DF00,0x0,body,one ret imm over 1 body span(s)
0x0044DF20,0x0,tail-jump,one ret imm in the tail-jump target 0x00616C60 over 1 body span(s)
0x0044DF30,0x0,body,one ret imm over 1 body span(s)
0x0044DF60,0x0,body,one ret imm over 1 body span(s)
0x0044DF80,0x0,body,one ret imm over 1 body span(s)
0x0044DFA0,0x0,tail-jump,one ret imm in the tail-jump target 0x00616C60 over 1 body span(s)
0x0044DFB0,0x0,body,one ret imm over 1 body span(s)
0x0044DFE0,0x0,body,one ret imm over 1 body span(s)
0x0044E000,0x0,body,one ret imm over 1 body span(s)
0x0044E020,0x0,tail-jump,one ret imm in the tail-jump target 0x00616C60 over 1 body span(s)
0x0044E030,0x0,body,one ret imm over 1 body span(s)
0x0044E050,0x0,tail-jump,one ret imm in the tail-jump target 0x00616C60 over 1 body span(s)
0x0044E060,0x0,body,one ret imm over 1 body span(s)
0x0044E080,0x0,tail-jump,one ret imm in the tail-jump target 0x00616C60 over 1 body span(s)
0x0044E090,0x0,body,one ret imm over 1 body span(s)
0x0044E0B0,0x0,tail-jump,one ret imm in the tail-jump target 0x00616C60 over 1 body span(s)
0x0044E0C0,0x0,body,one ret imm over 1 body span(s)
0x0044E0E0,0x0,tail-jump,one ret imm in the tail-jump target 0x00616C60 over 1 body span(s)
0x0044E0F0,0x0,body,one ret imm over 1 body span(s)
0x0044E110,0x0,tail-jump,one ret imm in the tail-jump target 0x00616C60 over 1 body span(s)
0x0044E120,0x0,body,one ret imm over 1 body span(s)
0x0044E150,0x0,body,one ret imm over 1 body span(s)
0x0044E170,0x0,body,one ret imm over 1 body span(s)
0x0044E190,0x0,tail-jump,one ret imm in the tail-jump target 0x00616C60 over 1 body span(s)
0x0044E1A0,0x0,body,one ret imm over 1 body span(s)
0x0044E1C0,0x0,tail-jump,one ret imm in the tail-jump target 0x00616C60 over 1 body span(s)
0x0044E1D0,0x0,body,one ret imm over 1 body span(s)
0x0044E200,0x0,body,one ret imm over 1 body span(s)
0x0044E220,0x0,body,one ret imm over 1 body span(s)
0x0044E240,0x0,tail-jump,one ret imm in the tail-jump target 0x00616C60 over 1 body span(s)
0x0044E250,0x0,body,one ret imm over 1 body span(s)
0x0044E270,0x0,tail-jump,one ret imm in the tail-jump target 0x00616C60 over 1 body span(s)
0x0044E280,0x0,body,one ret imm over 1 body span(s)
0x0044E2A0,0x0,tail-jump,one ret imm in the tail-jump target 0x00616C60 over 1 body span(s)
0x0044E2B0,0x0,body,one ret imm over 1 body span(s)
0x0044E2D0,0x0,tail-jump,one ret imm in the tail-jump target 0x00616C60 over 1 body span(s)
0x0044E2E0,0x0,body,one ret imm over 1 body span(s)
0x0044E310,0x0,body,one ret imm over 1 body span(s)
0x0044E330,0x0,body,one ret imm over 1 body span(s)
0x0044E350,0x0,tail-jump,one ret imm in the tail-jump target 0x00616C60 over 1 body span(s)
0x0044E360,0x0,body,one ret imm over 1 body span(s)
0x0044E380,0x0,tail-jump,one ret imm in the tail-jump target 0x00616C60 over 1 body span(s)
0x0044E390,0x0,body,one ret imm over 1 body span(s)
0x0044E3B0,0x0,tail-jump,one ret imm in the tail-jump target 0x00616C60 over 1 body span(s)
0x0044E3C0,0x0,body,one ret imm over 1 body span(s)
0x0044E3F0,0x0,body,one ret imm over 1 body span(s)
0x0044E410,0x0,body,one ret imm over 1 body span(s)
0x0044E430,0x0,tail-jump,one ret imm in the tail-jump target 0x00616C60 over 1 body span(s)
0x0044E440,0x0,body,one ret imm over 1 body span(s)
0x0044E460,0x0,tail-jump,one ret imm in the tail-jump target 0x00616C60 over 1 body span(s)
0x0044E470,0x0,body,one ret imm over 1 body span(s)
0x0044E4A0,0x0,body,one ret imm over 1 body span(s)
0x0044E4C0,0x0,body,one ret imm over 1 body span(s)
0x0044E4F0,0x0,body,one ret imm over 1 body span(s)
0x0044E510,0x0,body,one ret imm over 1 body span(s)
0x0044E530,0x0,tail-jump,one ret imm in the tail-jump target 0x00616C60 over 1 body span(s)
0x0044E540,0x0,body,one ret imm over 1 body span(s)
0x0044E560,0x0,tail-jump,one ret imm in the tail-jump target 0x00616C60 over 1 body span(s)
0x0044E570,0x0,body,one ret imm over 1 body span(s)
0x0044E590,0x0,tail-jump,one ret imm in the tail-jump target 0x00616C60 over 1 body span(s)
0x0044E5A0,0x0,body,one ret imm over 1 body span(s)
0x0044E5D0,0x0,body,one ret imm over 1 body span(s)
0x0044E5F0,0x0,body,one ret imm over 1 body span(s)
0x0044E610,0x0,tail-jump,one ret imm in the tail-jump target 0x00619660 over 1 body span(s)
0x0044E620,0x0,body,one ret imm over 1 body span(s)
0x0044E640,0x0,tail-jump,one ret imm in the tail-jump target 0x00619660 over 1 body span(s)
0x0044E650,0x0,body,one ret imm over 1 body span(s)
0x0044E680,0x0,body,one ret imm over 1 body span(s)
0x0044E6A0,0x0,body,one ret imm over 1 body span(s)
0x0044E6D0,0x0,body,one ret imm over 1 body span(s)
0x0044E6F0,0x0,body,one ret imm over 1 body span(s)
0x0044E710,0x0,tail-jump,one ret imm in the tail-jump target 0x00619660 over 1 body span(s)
0x0044E720,0x0,body,one ret imm over 1 body span(s)
0x0044E750,0x0,body,one ret imm over 1 body span(s)
0x0044E770,0x0,body,one ret imm over 1 body span(s)
0x0044E7A0,0x0,body,one ret imm over 1 body span(s)
0x0044E7C0,0x0,body,one ret imm over 1 body span(s)
0x0044E7F0,0x0,body,one ret imm over 1 body span(s)
0x0044E810,0x0,body,one ret imm over 1 body span(s)
0x0044E830,0x0,tail-jump,one ret imm in the tail-jump target 0x00619660 over 1 body span(s)
0x0044E840,0x0,body,one ret imm over 1 body span(s)
0x0044E870,0x0,body,one ret imm over 1 body span(s)
0x0044E890,0x0,body,one ret imm over 1 body span(s)
0x0044E8C0,0x0,body,one ret imm over 1 body span(s)
0x0044E8E0,0x0,body,one ret imm over 1 body span(s)
0x0044E910,0x0,body,one ret imm over 1 body span(s)
0x0044E930,0x0,body,one ret imm over 1 body span(s)
0x0044E960,0x0,body,one ret imm over 1 body span(s)
0x0044E980,0x0,body,one ret imm over 1 body span(s)
0x0044E9B0,0x0,body,one ret imm over 1 body span(s)
0x0044E9D0,0x0,body,one ret imm over 1 body span(s)
0x0044EA00,0x0,body,one ret imm over 1 body span(s)
0x0044EA20,0x0,body,one ret imm over 1 body span(s)
0x0044EA50,0x0,body,one ret imm over 1 body span(s)
0x0044EA70,0x0,body,one ret imm over 1 body span(s)
0x0044EAA0,0x0,body,one ret imm over 1 body span(s)
0x0044EAC0,0x0,body,one ret imm over 1 body span(s)
0x0044EAF0,0x0,body,one ret imm over 1 body span(s)
0x0044EB10,0x0,body,one ret imm over 1 body span(s)
0x0044EB40,0x0,body,one ret imm over 1 body span(s)
0x0044EB60,0x0,body,one ret imm over 1 body span(s)
0x0044EB80,0x0,tail-jump,one ret imm in the tail-jump target 0x00619660 over 1 body span(s)
0x0044EB90,0x0,body,one ret imm over 1 body span(s)
0x0044EBC0,0x0,body,one ret imm over 1 body span(s)
0x0044EBE0,0x0,body,one ret imm over 1 body span(s)
0x0044EC10,0x0,body,one ret imm over 1 body span(s)
0x0044EC30,0x0,body,one ret imm over 1 body span(s)
0x0044EC60,0x0,body,one ret imm over 1 body span(s)
0x0044EC80,0x0,body,one ret imm over 1 body span(s)
0x0044ECA0,0x0,tail-jump,one ret imm in the tail-jump target 0x005E3820 over 1 body span(s)
0x0044ECB0,0x0,body,one ret imm over 1 body span(s)
0x0044ECD0,0x0,tail-jump,one ret imm in the tail-jump target 0x005E3820 over 1 body span(s)
0x0044ECE0,0x0,body,one ret imm over 1 body span(s)
0x0044ED00,0x0,tail-jump,one ret imm in the tail-jump target 0x005E3820 over 1 body span(s)
0x0044ED10,0x0,body,one ret imm over 1 body span(s)
0x0044ED30,0x0,tail-jump,one ret imm in the tail-jump target 0x005E3820 over 1 body span(s)
0x0044ED40,0x0,body,one ret imm over 1 body span(s)
0x0044ED60,0x0,tail-jump,one ret imm in the tail-jump target 0x005E3820 over 1 body span(s)
0x0044ED70,0x0,body,one ret imm over 1 body span(s)
0x0044ED90,0x0,tail-jump,one ret imm in the tail-jump target 0x005E3820 over 1 body span(s)
0x0044EDA0,0x0,body,one ret imm over 1 body span(s)
0x0044EDC0,0x0,tail-jump,one ret imm in the tail-jump target 0x005E3820 over 1 body span(s)
0x0044EDD0,0x0,body,one ret imm over 1 body span(s)
0x0044EDF0,0x0,tail-jump,one ret imm in the tail-jump target 0x005E3820 over 1 body span(s)
0x0044EE00,0x0,body,one ret imm over 1 body span(s)
0x0044EE20,0x0,tail-jump,one ret imm in the tail-jump target 0x005E3820 over 1 body span(s)
0x0044EE30,0x0,body,one ret imm over 1 body span(s)
0x0044EE50,0x0,tail-jump,one ret imm in the tail-jump target 0x005E3820 over 1 body span(s)
0x0044EE60,0x0,body,one ret imm over 1 body span(s)
0x0044EE90,0x0,body,one ret imm over 1 body span(s)
0x0044EEB0,0x0,body,one ret imm over 1 body span(s)
0x0044EEE0,0x0,body,one ret imm over 1 body span(s)
0x0044EF00,0x0,body,one ret imm over 1 body span(s)
0x0044EF30,0x0,body,one ret imm over 1 body span(s)
0x0044EF50,0x0,body,one ret imm over 1 body span(s)
0x0044EF80,0x0,body,one ret imm over 1 body span(s)
0x0044EFA0,0x0,body,one ret imm over 1 body span(s)
0x0044EFD0,0x0,body,one ret imm over 1 body span(s)
0x0044EFF0,0x0,body,one ret imm over 1 body span(s)
0x0044F020,0x0,body,one ret imm over 1 body span(s)
0x0044F040,0x0,body,one ret imm over 1 body span(s)
0x0044F070,0x0,body,one ret imm over 1 body span(s)
0x0044F090,0x0,body,one ret imm over 1 body span(s)
0x0044F0C0,0x0,body,one ret imm over 1 body span(s)
0x0044F0E0,0x0,body,one ret imm over 1 body span(s)
0x0044F110,0x0,body,one ret imm over 1 body span(s)
0x0044F130,0x0,body,one ret imm over 1 body span(s)
0x0044F160,0x0,body,one ret imm over 1 body span(s)
0x0044F180,0x0,body,one ret imm over 1 body span(s)
0x0044F1B0,0x0,body,one ret imm over 1 body span(s)
0x0044F1D0,0x0,body,one ret imm over 1 body span(s)
0x0044F1F0,0x0,tail-jump,one ret imm in the tail-jump target 0x005E3820 over 1 body span(s)
0x0044F200,0x0,body,one ret imm over 1 body span(s)
0x0044F220,0x0,tail-jump,one ret imm in the tail-jump target 0x005E3820 over 1 body span(s)
0x0044F230,0x0,body,one ret imm over 1 body span(s)
0x0044F250,0x0,tail-jump,one ret imm in the tail-jump target 0x005E3820 over 1 body span(s)
0x0044F260,0x0,body,one ret imm over 1 body span(s)
0x0044F280,0x0,tail-jump,one ret imm in the tail-jump target 0x005E3820 over 1 body span(s)
0x0044F290,0x0,body,one ret imm over 1 body span(s)
0x0044F2C0,0x0,body,one ret imm over 1 body span(s)
0x0044F2E0,0x0,body,one ret imm over 1 body span(s)
0x0044F310,0x0,body,one ret imm over 1 body span(s)
0x0044F330,0x0,body,one ret imm over 1 body span(s)
0x0044F360,0x0,body,one ret imm over 1 body span(s)
0x0044F380,0x0,body,one ret imm over 1 body span(s)
0x0044F3B0,0x0,body,one ret imm over 1 body span(s)
0x0044F3D0,0x0,body,one ret imm over 1 body span(s)
0x0044F400,0x0,body,one ret imm over 1 body span(s)
0x0044F420,0x0,body,one ret imm over 1 body span(s)
0x0044F450,0x0,body,one ret imm over 1 body span(s)
0x0044F470,0x0,body,one ret imm over 1 body span(s)
0x0044F4A0,0x0,body,one ret imm over 1 body span(s)
0x0044F4C0,0x0,body,one ret imm over 1 body span(s)
0x0044F4F0,0x0,body,one ret imm over 1 body span(s)
0x0044F510,0x0,body,one ret imm over 1 body span(s)
0x0044F540,0x0,body,one ret imm over 1 body span(s)
0x0044F560,0x0,body,one ret imm over 1 body span(s)
0x0044F590,0x0,body,one ret imm over 1 body span(s)
0x0044F5B0,0x0,body,one ret imm over 1 body span(s)
0x0044F5E0,0x0,body,one ret imm over 1 body span(s)
0x0044F600,0x0,body,one ret imm over 1 body span(s)
0x0044F630,0x0,body,one ret imm over 1 body span(s)
0x0044F650,0x0,body,one ret imm over 1 body span(s)
0x0044F680,0x0,body,one ret imm over 1 body span(s)
0x0044F6A0,0x0,body,one ret imm over 1 body span(s)
0x0044F6C0,0x0,tail-jump,one ret imm in the tail-jump target 0x005E3820 over 1 body span(s)
0x0044F6D0,0x0,body,one ret imm over 1 body span(s)
0x0044F700,0x0,body,one ret imm over 1 body span(s)
0x0044F720,0x0,body,one ret imm over 1 body span(s)
0x0044F750,0x0,body,one ret imm over 1 body span(s)
0x0044F770,0x0,body,one ret imm over 1 body span(s)
0x0044F790,0x0,tail-jump,one ret imm in the tail-jump target 0x005E3820 over 1 body span(s)
0x0044F7A0,0x0,body,one ret imm over 1 body span(s)
0x0044F7C0,0x0,tail-jump,one ret imm in the tail-jump target 0x005E3820 over 1 body span(s)
0x0044F7D0,0x0,body,one ret imm over 1 body span(s)
0x0044F800,0x0,body,one ret imm over 1 body span(s)
0x0044F820,0x0,body,one ret imm over 1 body span(s)
0x0044F840,0x0,tail-jump,one ret imm in the tail-jump target 0x005E3820 over 1 body span(s)
0x0044F850,0x0,body,one ret imm over 1 body span(s)
0x0044F880,0x0,body,one ret imm over 1 body span(s)
0x0044F8A0,0x0,body,one ret imm over 1 body span(s)
0x0044F8D0,0x0,body,one ret imm over 1 body span(s)
0x0044F8F0,0x0,body,one ret imm over 1 body span(s)
0x0044F910,0x0,tail-jump,one ret imm in the tail-jump target 0x005E3820 over 1 body span(s)
0x0044F920,0x0,body,one ret imm over 1 body span(s)
0x0044F940,0x0,tail-jump,one ret imm in the tail-jump target 0x005E3820 over 1 body span(s)
0x0044F950,0x0,body,one ret imm over 1 body span(s)
0x0044F970,0x0,tail-jump,one ret imm in the tail-jump target 0x005E3820 over 1 body span(s)
0x0044F980,0x0,body,one ret imm over 1 body span(s)
0x0044F9A0,0x0,tail-jump,one ret imm in the tail-jump target 0x005E3820 over 1 body span(s)
0x0044F9B0,0x0,body,one ret imm over 1 body span(s)
0x0044F9D0,0x0,tail-jump,one ret imm in the tail-jump target 0x005E3820 over 1 body span(s)
0x0044F9E0,0x0,body,one ret imm over 1 body span(s)
0x0044FA00,0x0,tail-jump,one ret imm in the tail-jump target 0x005E3820 over 1 body span(s)
0x0044FA10,0x0,body,one ret imm over 1 body span(s)
0x0044FA40,0x0,body,one ret imm over 1 body span(s)
0x0044FA60,0x0,body,one ret imm over 1 body span(s)
0x0044FA90,0x0,body,one ret imm over 1 body span(s)
0x0044FAB0,0x0,body,one ret imm over 1 body span(s)
0x0044FAE0,0x0,body,one ret imm over 1 body span(s)
0x0044FB00,0x0,body,one ret imm over 1 body span(s)
0x0044FB30,0x0,body,one ret imm over 1 body span(s)
0x0044FB50,0x0,body,one ret imm over 1 body span(s)
0x0044FB80,0x0,body,one ret imm over 1 body span(s)
0x0044FBA0,0x0,body,one ret imm over 1 body span(s)
0x0044FBD0,0x0,body,one ret imm over 1 body span(s)
0x0044FBF0,0x0,body,one ret imm over 1 body span(s)
0x0044FC10,0x0,tail-jump,one ret imm in the tail-jump target 0x005E3820 over 1 body span(s)
0x0044FC20,0x0,body,one ret imm over 1 body span(s)
0x0044FC40,0x0,tail-jump,one ret imm in the tail-jump target 0x005E3820 over 1 body span(s)
0x0044FC50,0x0,body,one ret imm over 1 body span(s)
0x0044FC80,0x0,body,one ret imm over 1 body span(s)
0x0044FCA0,0x0,body,one ret imm over 1 body span(s)
0x0044FCD0,0x0,body,one ret imm over 1 body span(s)
0x0044FCF0,0x0,body,one ret imm over 1 body span(s)
0x0044FD10,0x0,tail-jump,one ret imm in the tail-jump target 0x005E3820 over 1 body span(s)
0x0044FD20,0x0,body,one ret imm over 1 body span(s)
0x0044FD40,0x0,tail-jump,one ret imm in the tail-jump target 0x005E3820 over 1 body span(s)
0x0044FD50,0x0,body,one ret imm over 1 body span(s)
0x0044FD70,0x0,tail-jump,one ret imm in the tail-jump target 0x005E3820 over 1 body span(s)
0x0044FD80,0x0,body,one ret imm over 1 body span(s)
0x0044FDA0,0x0,tail-jump,one ret imm in the tail-jump target 0x005E3820 over 1 body span(s)
0x0044FDB0,0x0,body,one ret imm over 1 body span(s)
0x0044FDD0,0x0,tail-jump,one ret imm in the tail-jump target 0x005E3820 over 1 body span(s)
0x0044FDE0,0x0,body,one ret imm over 1 body span(s)
0x0044FE00,0x0,tail-jump,one ret imm in the tail-jump target 0x005E3820 over 1 body span(s)
0x0044FE10,0x0,body,one ret imm over 1 body span(s)
0x0044FE30,0x0,tail-jump,one ret imm in the tail-jump target 0x005E3820 over 1 body span(s)
0x0044FE40,0x0,body,one ret imm over 1 body span(s)
0x0044FE60,0x0,tail-jump,one ret imm in the tail-jump target 0x005E3820 over 1 body span(s)
0x0044FE70,0x0,body,one ret imm over 1 body span(s)
0x0044FE90,0x0,tail-jump,one ret imm in the tail-jump target 0x005E3820 over 1 body span(s)
0x0044FEA0,0x0,body,one ret imm over 1 body span(s)
0x0044FEC0,0x0,tail-jump,one ret imm in the tail-jump target 0x005E3820 over 1 body span(s)
0x0044FED0,0x0,body,one ret imm over 1 body span(s)
0x0044FEF0,0x0,tail-jump,one ret imm in the tail-jump target 0x005E3820 over 1 body span(s)
0x0044FF00,0x0,body,one ret imm over 1 body span(s)
0x0044FF20,0x0,tail-jump,one ret imm in the tail-jump target 0x005E3820 over 1 body span(s)
0x0044FF30,0x0,body,one ret imm over 1 body span(s)
0x0044FF50,0x0,tail-jump,one ret imm in the tail-jump target 0x005E3820 over 1 body span(s)
0x0044FF60,0x0,body,one ret imm over 1 body span(s)
0x0044FF80,0x0,tail-jump,one ret imm in the tail-jump target 0x005E3820 over 1 body span(s)
0x0044FF90,0x0,body,one ret imm over 1 body span(s)
0x0044FFB0,0x0,tail-jump,one ret imm in the tail-jump target 0x005E3820 over 1 body span(s)
0x0044FFC0,0x0,body,one ret imm over 1 body span(s)
0x0044FFE0,0x0,tail-jump,one ret imm in the tail-jump target 0x005E3820 over 1 body span(s)
0x0044FFF0,0x0,body,one ret imm over 1 body span(s)
0x00450010,0x0,tail-jump,one ret imm in the tail-jump target 0x005E3820 over 1 body span(s)
0x00450020,0x0,body,one ret imm over 1 body span(s)
0x00450040,0x0,tail-jump,one ret imm in the tail-jump target 0x005E3820 over 1 body span(s)
0x00450050,0x0,body,one ret imm over 1 body span(s)
0x00450070,0x0,tail-jump,one ret imm in the tail-jump target 0x005E3820 over 1 body span(s)
0x00450080,0x0,body,one ret imm over 1 body span(s)
0x004500A0,0x0,tail-jump,one ret imm in the tail-jump target 0x005E3820 over 1 body span(s)
0x004500B0,0x0,body,one ret imm over 1 body span(s)
0x004500D0,0x0,tail-jump,one ret imm in the tail-jump target 0x005E3820 over 1 body span(s)
0x004500E0,0x0,body,one ret imm over 1 body span(s)
0x00450100,0x0,tail-jump,one ret imm in the tail-jump target 0x005E3820 over 1 body span(s)
0x00450110,0x0,body,one ret imm over 1 body span(s)
0x00450130,0x0,tail-jump,one ret imm in the tail-jump target 0x005E3820 over 1 body span(s)
0x00450140,0x0,body,one ret imm over 1 body span(s)
0x00450160,0x0,tail-jump,one ret imm in the tail-jump target 0x005E3820 over 1 body span(s)
0x00450170,0x0,body,one ret imm over 1 body span(s)
0x00450190,0x0,tail-jump,one ret imm in the tail-jump target 0x005E3820 over 1 body span(s)
0x004501A0,0x0,body,one ret imm over 1 body span(s)
0x004501C0,0x0,tail-jump,one ret imm in the tail-jump target 0x005E3820 over 1 body span(s)
0x004501D0,0x0,body,one ret imm over 1 body span(s)
0x004501F0,0x0,tail-jump,one ret imm in the tail-jump target 0x005E3820 over 1 body span(s)
0x00450200,0x0,body,one ret imm over 1 body span(s)
0x00450220,0x0,tail-jump,one ret imm in the tail-jump target 0x005E3820 over 1 body span(s)
0x00450230,0x0,body,one ret imm over 1 body span(s)
0x00450250,0x0,tail-jump,one ret imm in the tail-jump target 0x005E3820 over 1 body span(s)
0x00450260,0x0,body,one ret imm over 1 body span(s)
0x00450280,0x0,tail-jump,one ret imm in the tail-jump target 0x005E3820 over 1 body span(s)
0x00450290,0x0,body,one ret imm over 1 body span(s)
0x004502B0,0x0,tail-jump,one ret imm in the tail-jump target 0x005E3820 over 1 body span(s)
0x004502C0,0x0,body,one ret imm over 1 body span(s)
0x004502E0,0x0,tail-jump,one ret imm in the tail-jump target 0x005E3820 over 1 body span(s)
0x004502F0,0x0,body,one ret imm over 1 body span(s)
0x00450310,0x0,tail-jump,one ret imm in the tail-jump target 0x005E3820 over 1 body span(s)
0x00450320,0x0,body,one ret imm over 1 body span(s)
0x00450340,0x0,tail-jump,one ret imm in the tail-jump target 0x005E3820 over 1 body span(s)
0x00450350,0x0,body,one ret imm over 1 body span(s)
0x00450370,0x0,tail-jump,one ret imm in the tail-jump target 0x005E3820 over 1 body span(s)
0x00450380,0x0,body,one ret imm over 1 body span(s)
0x004503B0,0x0,body,one ret imm over 1 body span(s)
0x004503D0,0x0,body,one ret imm over 1 body span(s)
0x004503F0,0x0,tail-jump,one ret imm in the tail-jump target 0x005E3820 over 1 body span(s)
0x00450400,0x0,body,one ret imm over 1 body span(s)
0x00450420,0x0,tail-jump,one ret imm in the tail-jump target 0x005E3820 over 1 body span(s)
0x00450430,0x0,body,one ret imm over 1 body span(s)
0x00450450,0x0,tail-jump,one ret imm in the tail-jump target 0x005E3820 over 1 body span(s)
0x00450460,0x0,body,one ret imm over 1 body span(s)
0x00450480,0x0,tail-jump,one ret imm in the tail-jump target 0x005E3820 over 1 body span(s)
0x00450490,0x0,body,one ret imm over 1 body span(s)
0x004504B0,0x0,tail-jump,one ret imm in the tail-jump target 0x005E3820 over 1 body span(s)
0x004504C0,0x0,body,one ret imm over 1 body span(s)
0x004504E0,0x0,tail-jump,one ret imm in the tail-jump target 0x005E3820 over 1 body span(s)
0x004504F0,0x0,body,one ret imm over 1 body span(s)
0x00450510,0x0,tail-jump,one ret imm in the tail-jump target 0x005E3820 over 1 body span(s)
0x00450520,0x0,body,one ret imm over 1 body span(s)
0x00450540,0x0,tail-jump,one ret imm in the tail-jump target 0x005E3820 over 1 body span(s)
0x00450550,0x0,body,one ret imm over 1 body span(s)
0x00450570,0x0,tail-jump,one ret imm in the tail-jump target 0x005E3820 over 1 body span(s)
0x00450580,0x0,body,one ret imm over 1 body span(s)
0x004505A0,0x0,tail-jump,one ret imm in the tail-jump target 0x005E3820 over 1 body span(s)
0x004505B0,0x0,body,one ret imm over 1 body span(s)
0x004505D0,0x0,tail-jump,one ret imm in the tail-jump target 0x005E3820 over 1 body span(s)
0x004505E0,0x0,body,one ret imm over 1 body span(s)
0x00450600,0x0,tail-jump,one ret imm in the tail-jump target 0x005E3820 over 1 body span(s)
0x00450610,0x0,body,one ret imm over 1 body span(s)
0x00450630,0x0,tail-jump,one ret imm in the tail-jump target 0x005E3820 over 1 body span(s)
0x00450640,0x0,body,one ret imm over 1 body span(s)
0x00450660,0x0,tail-jump,one ret imm in the tail-jump target 0x005E3820 over 1 body span(s)
0x00450670,0x0,body,one ret imm over 1 body span(s)
0x00450690,0x0,tail-jump,one ret imm in the tail-jump target 0x005E3820 over 1 body span(s)
0x004506A0,0x0,body,one ret imm over 1 body span(s)
0x004506C0,0x0,tail-jump,one ret imm in the tail-jump target 0x005E3820 over 1 body span(s)
0x004506D0,0x0,body,one ret imm over 1 body span(s)
0x004506F0,0x0,tail-jump,one ret imm in the tail-jump target 0x005E3820 over 1 body span(s)
0x00450700,0x0,body,one ret imm over 1 body span(s)
0x00450720,0x0,tail-jump,one ret imm in the tail-jump target 0x005E3820 over 1 body span(s)
0x00450730,0x0,body,one ret imm over 1 body span(s)
0x00450750,0x0,tail-jump,one ret imm in the tail-jump target 0x005E3820 over 1 body span(s)
0x00450760,0x0,body,one ret imm over 1 body span(s)
0x00450780,0x0,tail-jump,one ret imm in the tail-jump target 0x005E3820 over 1 body span(s)
0x00450790,0x0,body,one ret imm over 1 body span(s)
0x004507B0,0x0,tail-jump,one ret imm in the tail-jump target 0x005E3820 over 1 body span(s)
0x004507C0,0x0,body,one ret imm over 1 body span(s)
0x004507E0,0x0,tail-jump,one ret imm in the tail-jump target 0x005E3820 over 1 body span(s)
0x004507F0,0x0,body,one ret imm over 1 body span(s)
0x00450810,0x0,tail-jump,one ret imm in the tail-jump target 0x005E3820 over 1 body span(s)
0x00450820,0x0,body,one ret imm over 1 body span(s)
0x00450840,0x0,tail-jump,one ret imm in the tail-jump target 0x005E3820 over 1 body span(s)
0x00450850,0x0,body,one ret imm over 1 body span(s)
0x00450870,0x0,tail-jump,one ret imm in the tail-jump target 0x005E3820 over 1 body span(s)
0x00450880,0x0,body,one ret imm over 1 body span(s)
0x004508A0,0x0,tail-jump,one ret imm in the tail-jump target 0x005E3820 over 1 body span(s)
0x004508B0,0x0,body,one ret imm over 1 body span(s)
0x004508D0,0x0,tail-jump,one ret imm in the tail-jump target 0x005E3820 over 1 body span(s)
0x004508E0,0x0,body,one ret imm over 1 body span(s)
0x00450900,0x0,tail-jump,one ret imm in the tail-jump target 0x005E3820 over 1 body span(s)
0x00450910,0x0,body,one ret imm over 1 body span(s)
0x00450940,0x0,body,one ret imm over 1 body span(s)
0x00450960,0x0,body,one ret imm over 1 body span(s)
0x00450990,0x0,body,one ret imm over 1 body span(s)
0x004509B0,0x0,body,one ret imm over 1 body span(s)
0x004509E0,0x0,body,one ret imm over 1 body span(s)
0x00450A00,0x0,body,one ret imm over 1 body span(s)
0x00450A30,0x0,body,one ret imm over 1 body span(s)
0x00450A50,0x0,body,one ret imm over 1 body span(s)
0x00450A80,0x0,body,one ret imm over 1 body span(s)
0x00450AA0,0x0,body,one ret imm over 1 body span(s)
0x00450AD0,0x0,body,one ret imm over 1 body span(s)
0x00450AF0,0x0,body,one ret imm over 1 body span(s)
0x00450B20,0x0,body,one ret imm over 1 body span(s)
0x00450B40,0x0,body,one ret imm over 1 body span(s)
0x00450B70,0x0,body,one ret imm over 1 body span(s)
0x00450B90,0x0,body,one ret imm over 1 body span(s)
0x00450BC0,0x0,body,one ret imm over 1 body span(s)
0x00450BE0,0x0,body,one ret imm over 1 body span(s)
0x00450C00,0x0,tail-jump,one ret imm in the tail-jump target 0x005E3820 over 1 body span(s)
0x00450C10,0x0,body,one ret imm over 1 body span(s)
0x00450C30,0x0,tail-jump,one ret imm in the tail-jump target 0x005E3820 over 1 body span(s)
0x00450C40,0x0,body,one ret imm over 1 body span(s)
0x00450C60,0x0,tail-jump,one ret imm in the tail-jump target 0x005E3820 over 1 body span(s)
0x00450C70,0x0,body,one ret imm over 1 body span(s)
0x00450C90,0x0,tail-jump,one ret imm in the tail-jump target 0x005E3820 over 1 body span(s)
0x00450CA0,0x0,body,one ret imm over 1 body span(s)
0x00450CC0,0x0,tail-jump,one ret imm in the tail-jump target 0x005E3820 over 1 body span(s)
0x00450CD0,0x0,body,one ret imm over 1 body span(s)
0x00450CF0,0x0,tail-jump,one ret imm in the tail-jump target 0x005E3820 over 1 body span(s)
0x00450D00,0x0,body,one ret imm over 1 body span(s)
0x00450D20,0x0,tail-jump,one ret imm in the tail-jump target 0x005E3820 over 1 body span(s)
0x00450D30,0x0,body,one ret imm over 1 body span(s)
0x00450D50,0x0,tail-jump,one ret imm in the tail-jump target 0x005E3820 over 1 body span(s)
0x00450D60,0x0,body,one ret imm over 1 body span(s)
0x00450D80,0x0,tail-jump,one ret imm in the tail-jump target 0x005E3820 over 1 body span(s)
0x00450D90,0x0,body,one ret imm over 1 body span(s)
0x00450DC0,0x0,body,one ret imm over 1 body span(s)
0x00451030,0x0,body,one ret imm over 2 body span(s)
0x00451A10,0x0,body,one ret imm over 2 body span(s)
0x00451C50,0x0,body,one ret imm over 2 body span(s)
0x00453710,0x0,body,one ret imm over 1 body span(s)
0x00453A20,0x0,body,one ret imm over 1 body span(s)
0x00453A70,0x0,body,one ret imm over 1 body span(s)
0x00453F70,0x0,body,one ret imm over 2 body span(s)
0x00454270,0x0,body,one ret imm over 2 body span(s)
0x004547E0,0x0,body,one ret imm over 1 body span(s)
0x00454D10,0x0,body,one ret imm over 1 body span(s)
0x00454FC0,0x0,body,one ret imm over 1 body span(s)
0x00455400,0x0,body,one ret imm over 1 body span(s)
0x004554C0,0x0,body,one ret imm over 1 body span(s)
0x00455610,0x0,body,one ret imm over 1 body span(s)
0x00455E50,0x0,body,one ret imm over 1 body span(s)
0x00455E80,unknown,none,"a direct tail jump over 1 body span(s) to 0x00455400, but it calls out first, and a callee that purges moves the stack pointer, so the target's purge is not this body's"
0x00455EB0,0x0,body,one ret imm over 1 body span(s)
0x004562B0,0x4,tail-jump,one ret imm in the tail-jump target 0x00456280 over 1 body span(s)
0x004562C0,0x0,body,one ret imm over 1 body span(s)
0x004562E0,0x0,tail-jump,one ret imm in the tail-jump target 0x004594A0 over 2 body span(s)
0x00459260,0x0,body,one ret imm over 1 body span(s)
0x00459560,0x0,body,one ret imm over 1 body span(s)
0x00459580,0x0,tail-jump,one ret imm in the tail-jump target 0x0045EB80 over 2 body span(s)
0x00459590,0x0,body,one ret imm over 1 body span(s)
0x004595B0,0x0,tail-jump,one ret imm in the tail-jump target 0x004C67C0 over 3 body span(s)
0x004595C0,0x0,body,one ret imm over 1 body span(s)
0x0045C200,0x0,body,one ret imm over 1 body span(s)
0x0045D440,0x0,body,one ret imm over 2 body span(s)
0x0045D970,0x0,body,one ret imm over 2 body span(s)
0x0045DEA0,0x0,body,one ret imm over 2 body span(s)
0x0045E540,0x0,body,one ret imm over 2 body span(s)
0x0045F1C0,0x4,body,one ret imm over 1 body span(s)
0x0045F1F0,0x4,tail-jump,one ret imm in the tail-jump target 0x0045F1C0 over 1 body span(s)
0x0045F910,0x4,tail-jump,one ret imm in the tail-jump target 0x0045F710 over 1 body span(s)
0x0045F920,0x0,body,one ret imm over 1 body span(s)
0x0045F940,0x0,tail-jump,one ret imm in the tail-jump target 0x00618EE0 over 1 body span(s)
0x00462080,0x0,body,one ret imm over 1 body span(s)
0x004620A0,unknown,none,"a direct tail jump over 1 body span(s) to 0x005D4DD0, but it calls out first, and a callee that purges moves the stack pointer, so the target's purge is not this body's"
0x00462190,0x0,body,one ret imm over 1 body span(s)
0x004632D0,0x0,body,one ret imm over 2 body span(s)
0x0046AE00,0x0,body,one ret imm over 1 body span(s)
0x0046AEF0,0x0,body,one ret imm over 1 body span(s)
0x0046AF90,0x0,body,one ret imm over 1 body span(s)
0x0046B040,0x0,body,one ret imm over 1 body span(s)
0x0046B140,0x0,body,one ret imm over 1 body span(s)
0x0046B190,0x0,body,one ret imm over 1 body span(s)
0x00471030,0x0,body,one ret imm over 1 body span(s)
0x004710E0,unknown,none,"a direct tail jump over 1 body span(s) to 0x005D4E40, but it moves the stack pointer first, so the target's purge is not this body's"
0x004711A0,0x0,body,one ret imm over 1 body span(s)
0x00471240,0x0,body,one ret imm over 1 body span(s)
0x00471320,0x0,body,one ret imm over 1 body span(s)
0x00471340,0x0,tail-jump,one ret imm in the tail-jump target 0x00472020 over 2 body span(s)
0x00471350,0x0,body,one ret imm over 1 body span(s)
0x00471380,0x0,body,one ret imm over 1 body span(s)
0x00471870,0x0,body,one ret imm over 1 body span(s)
0x00471F70,0x0,body,one ret imm over 1 body span(s)
0x00471FD0,0x0,body,one ret imm over 1 body span(s)
0x00472200,0x0,body,one ret imm over 1 body span(s)
0x00472220,0x0,tail-jump,one ret imm in the tail-jump target 0x00477B10 over 2 body span(s)
0x00476A50,0x0,body,one ret imm over 1 body span(s)
0x00476B30,0x0,body,one ret imm over 1 body span(s)
0x00476B70,0x0,body,one ret imm over 1 body span(s)
0x00476C90,0x0,body,one ret imm over 1 body span(s)
0x00476DA0,0x0,body,one ret imm over 1 body span(s)
0x00476EE0,0x0,body,one ret imm over 1 body span(s)
0x00476FE0,0x0,body,one ret imm over 1 body span(s)
0x00477100,0x0,body,one ret imm over 1 body span(s)
0x00477210,0x0,body,one ret imm over 1 body span(s)
0x00477440,0x0,body,one ret imm over 1 body span(s)
0x00477540,0x0,body,one ret imm over 1 body span(s)
0x00477640,0x0,body,one ret imm over 1 body span(s)
0x00477740,0x0,body,one ret imm over 1 body span(s)
0x00477840,0x0,body,one ret imm over 1 body span(s)
0x00477940,0x0,body,one ret imm over 1 body span(s)
0x004779D0,0x0,body,one ret imm over 1 body span(s)
0x00477A60,0x0,body,one ret imm over 1 body span(s)
0x00477E00,0x4,tail-jump,one ret imm in the tail-jump target 0x00477DD0 over 1 body span(s)
0x00477E10,0x0,body,one ret imm over 1 body span(s)
0x00477E30,0x0,tail-jump,one ret imm in the tail-jump target 0x0047A430 over 2 body span(s)
0x00477E40,0x0,body,one ret imm over 1 body span(s)
0x00477E60,0x0,tail-jump,one ret imm in the tail-jump target 0x004C67C0 over 3 body span(s)
0x0047A760,0x4,tail-jump,one ret imm in the tail-jump target 0x0047A6C0 over 1 body span(s)
0x0047A770,0x0,body,one ret imm over 1 body span(s)
0x0047A790,0x0,tail-jump,one ret imm in the tail-jump target 0x0047ADA0 over 2 body span(s)
0x0047A7A0,0x0,body,one ret imm over 1 body span(s)
0x0047A7C0,0x0,tail-jump,one ret imm in the tail-jump target 0x0047ADA0 over 2 body span(s)
0x0047A800,0x0,body,one ret imm over 1 body span(s)
0x0047AFE0,0x4,tail-jump,one ret imm in the tail-jump target 0x0047AD70 over 1 body span(s)
0x0047AFF0,0x0,body,one ret imm over 1 body span(s)
0x0047B010,0x0,tail-jump,one ret imm in the tail-jump target 0x004834E0 over 2 body span(s)
0x0047B020,0x0,body,one ret imm over 1 body span(s)
0x0047B0F0,0x0,body,one ret imm over 1 body span(s)
0x0047B260,0x0,body,one ret imm over 1 body span(s)
0x0047B2E0,0x0,body,one ret imm over 1 body span(s)
0x00483240,0x0,body,one ret imm over 1 body span(s)
0x004832D0,0x0,body,one ret imm over 1 body span(s)
0x00483840,0x4,tail-jump,one ret imm in the tail-jump target 0x004837C0 over 1 body span(s)
0x00483850,0x0,body,one ret imm over 1 body span(s)
0x00483870,0x0,tail-jump,one ret imm in the tail-jump target 0x00484810 over 2 body span(s)
0x00483880,0x0,body,one ret imm over 1 body span(s)
0x004838B0,0x0,body,one ret imm over 1 body span(s)
0x00483920,0x0,body,one ret imm over 1 body span(s)
0x00484AB0,0x4,tail-jump,one ret imm in the tail-jump target 0x00484A80 over 1 body span(s)
0x00488740,0x4,tail-jump,one ret imm in the tail-jump target 0x00488660 over 1 body span(s)
0x00488750,0x0,body,one ret imm over 1 body span(s)
0x00488770,0x0,tail-jump,one ret imm in the tail-jump target 0x0048A8E0 over 2 body span(s)
0x00488780,0x0,body,one ret imm over 1 body span(s)
0x0048ADF0,0x4,tail-jump,one ret imm in the tail-jump target 0x0048ADC0 over 1 body span(s)
0x0048AE00,0x0,body,one ret imm over 1 body span(s)
0x0048AE20,unknown,none,"a direct tail jump over 1 body span(s) to 0x005D4DD0, but it calls out first, and a callee that purges moves the stack pointer, so the target's purge is not this body's"
0x0048BEE0,0x0,body,one ret imm over 1 body span(s)
0x0048BF10,0x4,tail-jump,one ret imm in the tail-jump target 0x0048BF20 over 1 body span(s)
0x0048C0A0,0x0,body,one ret imm over 2 body span(s)
0x0048C320,0x0,body,one ret imm over 1 body span(s)
0x0048C360,0x0,body,one ret imm over 2 body span(s)
0x0048C650,0x0,body,one ret imm over 2 body span(s)
0x0048CF50,0x0,body,one ret imm over 1 body span(s)
0x0048D010,0x0,body,one ret imm over 1 body span(s)
0x0048D4F0,0x0,body,one ret imm over 1 body span(s)
0x0048D510,0x0,tail-jump,one ret imm in the tail-jump target 0x00491DF0 over 2 body span(s)
0x0048D520,0x0,body,one ret imm over 1 body span(s)
0x0048D540,0x0,tail-jump,one ret imm in the tail-jump target 0x0062B7F0 over 1 body span(s)
0x00492410,0x4,tail-jump,one ret imm in the tail-jump target 0x004923E0 over 1 body span(s)
0x004946D0,0x0,body,one ret imm over 1 body span(s)
0x00495170,0x0,body,one ret imm over 1 body span(s)
0x00495190,0x0,tail-jump,one ret imm in the tail-jump target 0x00496710 over 2 body span(s)
0x004968F0,0x4,tail-jump,one ret imm in the tail-jump target 0x004968C0 over 1 body span(s)
0x00496900,0x0,body,one ret imm over 1 body span(s)
0x00496920,0x0,tail-jump,one ret imm in the tail-jump target 0x004ACDA0 over 2 body span(s)
0x00496930,0x0,body,one ret imm over 1 body span(s)
0x00496950,0x0,tail-jump,one ret imm in the tail-jump target 0x004AD3B0 over 2 body span(s)
0x0049FFC0,0x0,body,one ret imm over 1 body span(s)
0x004A0250,0x0,body,one ret imm over 1 body span(s)
0x004A4050,0x0,body,one ret imm over 1 body span(s)
0x004A8440,0x0,body,one ret imm over 1 body span(s)
0x004AC9A0,0x0,body,one ret imm over 1 body span(s)
0x004AC9F0,0x0,body,one ret imm over 1 body span(s)
0x004ACA40,0x0,body,one ret imm over 1 body span(s)
0x004ACA90,0x0,body,one ret imm over 1 body span(s)
0x004ACAE0,0x0,body,one ret imm over 1 body span(s)
0x004ACB30,0x0,body,one ret imm over 1 body span(s)
0x004ACB80,0x0,body,one ret imm over 1 body span(s)
0x004ACBD0,0x0,body,one ret imm over 1 body span(s)
0x004AD870,0x4,tail-jump,one ret imm in the tail-jump target 0x004AD840 over 1 body span(s)
0x004AE9A0,0x4,tail-jump,one ret imm in the tail-jump target 0x004AE760 over 1 body span(s)
0x004AE9B0,0x0,body,one ret imm over 1 body span(s)
0x004AE9D0,0x0,tail-jump,one ret imm in the tail-jump target 0x004B3C80 over 2 body span(s)
0x004B3F50,0x4,body,one ret imm over 1 body span(s)
0x004B3F80,0x4,tail-jump,one ret imm in the tail-jump target 0x004B3F20 over 1 body span(s)
0x004B3F90,0x4,tail-jump,one ret imm in the tail-jump target 0x004B3F50 over 1 body span(s)
0x004B3FA0,0x0,body,one ret imm over 1 body span(s)
0x004B3FC0,0x0,tail-jump,one ret imm in the tail-jump target 0x004BA120 over 2 body span(s)
0x004B4BF0,0x0,body,one ret imm over 1 body span(s)
0x004BA220,0x0,body,one ret imm over 2 body span(s)
0x004BA5C0,0x0,body,one ret imm over 1 body span(s)
0x004BA5E0,0x0,tail-jump,one ret imm in the tail-jump target 0x004BE7D0 over 2 body span(s)
0x004BA5F0,0x0,body,one ret imm over 1 body span(s)
0x004BA650,0x0,body,one ret imm over 1 body span(s)
0x004BDF20,0x0,body,one ret imm over 1 body span(s)
0x004BDFA0,0x0,body,one ret imm over 1 body span(s)
0x004BEA20,0x4,tail-jump,one ret imm in the tail-jump target 0x004BE9F0 over 1 body span(s)
0x004BEE60,0x0,body,one ret imm over 1 body span(s)
0x004BF390,0x0,body,one ret imm over 1 body span(s)
0x004BF6E0,0x0,body,one ret imm over 1 body span(s)
0x004BF700,0x0,tail-jump,one ret imm in the tail-jump target 0x00617020 over 1 body span(s)
0x004BF710,0x0,body,one ret imm over 1 body span(s)
0x004BF730,0x0,tail-jump,one ret imm in the tail-jump target 0x005D7410 over 2 body span(s)
0x004BF740,0x0,body,one ret imm over 1 body span(s)
0x004BFC70,0x0,body,one ret imm over 1 body span(s)
0x004C0F50,0x0,body,one ret imm over 1 body span(s)
0x004C1B10,0x0,body,one ret imm over 1 body span(s)
0x004C1D10,0x0,tail-jump,one ret imm in the tail-jump target 0x004C1B10 over 1 body span(s)
0x004C2470,0x0,body,one ret imm over 1 body span(s)
0x004C3090,0x0,body,one ret imm over 1 body span(s)
0x004C3800,0x0,body,one ret imm over 1 body span(s)
0x004C38B0,0x0,body,one ret imm over 1 body span(s)
0x004C38D0,0x0,tail-jump,one ret imm in the tail-jump target 0x004C4A70 over 2 body span(s)
0x004C4CA0,0x4,tail-jump,one ret imm in the tail-jump target 0x004C4C70 over 1 body span(s)
0x004C5C50,0x0,body,one ret imm over 1 body span(s)
0x004C5C70,0x0,tail-jump,one ret imm in the tail-jump target 0x004C4E60 over 3 body span(s)
0x004C5C80,0x0,body,one ret imm over 1 body span(s)
0x004C5CA0,0x0,tail-jump,one ret imm in the tail-jump target 0x004C5780 over 1 body span(s)
0x004C5CB0,0x0,body,one ret imm over 1 body span(s)
0x004C5CD0,0x0,tail-jump,one ret imm in the tail-jump target 0x004C5980 over 1 body span(s)
0x004C5CE0,0x0,body,one ret imm over 1 body span(s)
0x004C5D90,0x0,body,one ret imm over 1 body span(s)
0x004C5E50,0x0,body,one ret imm over 1 body span(s)
0x004C5F70,0x0,body,one ret imm over 1 body span(s)
0x004C5FB0,0x0,body,one ret imm over 1 body span(s)
0x004C5FE0,0x0,body,one ret imm over 1 body span(s)
0x004C67C0,0x0,body,one ret imm over 3 body span(s)
0x004CD060,0x0,body,one ret imm over 1 body span(s)
0x004D6070,0x0,body,one ret imm over 1 body span(s)
0x004E23F0,0x4,tail-jump,one ret imm in the tail-jump target 0x004E23C0 over 1 body span(s)
0x004E4020,0x0,body,one ret imm over 1 body span(s)
0x004E6300,0x0,body,one ret imm over 1 body span(s)
0x004E68B0,0x0,body,one ret imm over 1 body span(s)
0x004E80B0,0x0,body,one ret imm over 1 body span(s)
0x004E9550,0x0,body,one ret imm over 1 body span(s)
0x004E9B70,0x0,body,one ret imm over 1 body span(s)
0x004E9CB0,0x0,body,one ret imm over 1 body span(s)
0x004EA1F0,0x0,body,one ret imm over 1 body span(s)
0x004EA540,0x0,body,one ret imm over 1 body span(s)
0x004EB560,0x0,body,one ret imm over 1 body span(s)
0x004EC3B0,0x0,body,one ret imm over 1 body span(s)
0x004EC3F0,0x0,body,one ret imm over 1 body span(s)
0x004ECBF0,0x0,body,one ret imm over 1 body span(s)
0x004EF1C0,0x0,body,one ret imm over 1 body span(s)
0x004F07E0,0x0,body,one ret imm over 2 body span(s)
0x004F3FE0,0x0,body,one ret imm over 1 body span(s)
0x004F4830,0x0,body,one ret imm over 1 body span(s)
0x004F4DC0,0x0,body,one ret imm over 1 body span(s)
0x004F4E80,0x0,body,one ret imm over 1 body span(s)
0x004F4FB0,0x0,body,one ret imm over 1 body span(s)
0x004F5CE0,0x0,body,one ret imm over 1 body span(s)
0x004F5F30,0x0,body,one ret imm over 1 body span(s)
0x004F65F0,0x0,body,one ret imm over 1 body span(s)
0x004F67F0,0x0,body,one ret imm over 1 body span(s)
0x004F8110,0x0,body,one ret imm over 1 body span(s)
0x00500120,0x0,body,one ret imm over 1 body span(s)
0x00500130,0x0,body,one ret imm over 1 body span(s)
0x00501D30,0x0,body,one ret imm over 1 body span(s)
0x00501D50,0x0,body,one ret imm over 1 body span(s)
0x00505D20,0x0,tail-jump,one ret imm in the tail-jump target 0x005D7410 over 2 body span(s)
0x00505D30,0x0,tail-jump,one ret imm in the tail-jump target 0x004327A0 over 2 body span(s)
0x00505D40,0x0,body,one ret imm over 1 body span(s)
0x00505D60,0x0,body,one ret imm over 1 body span(s)
0x0050B8A0,0x0,body,one ret imm over 1 body span(s)
0x0050B8D0,0x0,body,one ret imm over 1 body span(s)
0x0050B970,0x0,body,one ret imm over 1 body span(s)
0x0050B9E0,0x0,body,one ret imm over 1 body span(s)
0x0050BA30,0x0,body,one ret imm over 1 body span(s)
0x0050BA50,0x0,body,one ret imm over 1 body span(s)
0x0050BCC0,0x0,body,one ret imm over 1 body span(s)
0x0050C2E0,0x0,body,one ret imm over 1 body span(s)
0x0050DD90,0x0,body,one ret imm over 1 body span(s)
0x0050DE00,0x0,body,one ret imm over 1 body span(s)
0x0050E850,0x0,body,one ret imm over 1 body span(s)
0x0050E870,unknown,none,"a direct tail jump over 1 body span(s) to 0x005D4DD0, but it calls out first, and a callee that purges moves the stack pointer, so the target's purge is not this body's"
0x0050E890,0x0,body,one ret imm over 1 body span(s)
0x0050E980,0x0,body,one ret imm over 1 body span(s)
0x0050E9A0,0x0,tail-jump,one ret imm in the tail-jump target 0x00616200 over 1 body span(s)
0x0050EA40,0x0,body,one ret imm over 1 body span(s)
0x0050EE30,0x0,body,one ret imm over 1 body span(s)
0x0050EE80,0x0,body,one ret imm over 1 body span(s)
0x0050EF10,0x0,body,one ret imm over 1 body span(s)
0x0050EF50,0x0,body,one ret imm over 1 body span(s)
0x0050F170,0x0,body,one ret imm over 1 body span(s)
0x0050F3D0,0x0,body,one ret imm over 1 body span(s)
0x0050F440,unknown,none,"a direct tail jump over 1 body span(s) to 0x00616780, but it calls out first, and a callee that purges moves the stack pointer, so the target's purge is not this body's"
0x0051D720,0x0,body,one ret imm over 1 body span(s)
0x0051DF70,0x4,tail-jump,one ret imm in the tail-jump target 0x0051DC90 over 1 body span(s)
0x0051E000,0x0,body,one ret imm over 1 body span(s)
0x0051E090,0x0,body,one ret imm over 1 body span(s)
0x0051E110,0x0,body,one ret imm over 1 body span(s)
0x0051E390,0x0,body,one ret imm over 1 body span(s)
0x0051E3C0,0x0,body,one ret imm over 1 body span(s)
0x0051F0C0,0x0,body,one ret imm over 1 body span(s)
0x0051F1B0,0x0,body,one ret imm over 1 body span(s)
0x0051F200,0x0,body,one ret imm over 1 body span(s)
0x0051F2C0,0x0,tail-jump,one ret imm in the tail-jump target 0x005FC700 over 1 body span(s)
0x0051F2E0,0x0,body,one ret imm over 1 body span(s)
0x00522180,0x0,body,one ret imm over 1 body span(s)
0x00522F00,0x0,body,one ret imm over 1 body span(s)
0x00523B50,0x0,body,one ret imm over 1 body span(s)
0x00523C60,0x0,body,one ret imm over 1 body span(s)
0x00523DD0,0x0,body,one ret imm over 1 body span(s)
0x00524210,0x0,body,one ret imm over 1 body span(s)
0x00524870,0x0,body,one ret imm over 1 body span(s)
0x005258C0,0x0,body,one ret imm over 1 body span(s)
0x00527290,0x0,body,one ret imm over 1 body span(s)
0x005275B0,0x0,body,one ret imm over 2 body span(s)
0x00528EA0,0x0,body,one ret imm over 1 body span(s)
0x005290A0,0x0,body,one ret imm over 1 body span(s)
0x00529C00,0x0,body,one ret imm over 1 body span(s)
0x00529E70,0x0,body,one ret imm over 1 body span(s)
0x00529F30,0x0,body,one ret imm over 1 body span(s)
0x0052A2E0,0x0,body,one ret imm over 1 body span(s)
0x0052AA30,0x0,body,one ret imm over 1 body span(s)
0x0052AE20,0x0,body,one ret imm over 1 body span(s)
0x0052AEB0,0x0,body,one ret imm over 1 body span(s)
0x0052BE60,0x0,body,one ret imm over 1 body span(s)
0x0052BF60,0x0,body,one ret imm over 1 body span(s)
0x0052C670,0x0,body,one ret imm over 1 body span(s)
0x0052DAC0,0x0,body,one ret imm over 1 body span(s)
0x0052DAF0,0x0,body,one ret imm over 1 body span(s)
0x0052DB10,0x0,body,one ret imm over 1 body span(s)
0x0052DB30,0x0,tail-jump,one ret imm in the tail-jump target 0x00538D10 over 3 body span(s)
0x0052DBA0,0x0,body,one ret imm over 1 body span(s)
0x0052DBF0,0x0,body,one ret imm over 1 body span(s)
0x0052DC70,0x0,body,one ret imm over 1 body span(s)
0x00532A90,0x0,body,one ret imm over 1 body span(s)
0x00532B70,0x0,body,one ret imm over 1 body span(s)
0x00532C30,0x0,body,one ret imm over 1 body span(s)
0x00538F30,0x0,body,one ret imm over 1 body span(s)
0x00538FE0,0x0,body,one ret imm over 2 body span(s)
0x00539090,0x0,body,one ret imm over 1 body span(s)
0x005390C0,0x0,body,one ret imm over 1 body span(s)
0x00539160,0x0,body,one ret imm over 1 body span(s)
0x005391C0,0x0,body,one ret imm over 1 body span(s)
0x00539230,0x0,body,one ret imm over 1 body span(s)
0x005392A0,0x0,body,one ret imm over 1 body span(s)
0x00539310,0x0,body,one ret imm over 1 body span(s)
0x00539380,0x0,body,one ret imm over 1 body span(s)
0x005393F0,0x0,body,one ret imm over 1 body span(s)
0x00539460,0x0,body,one ret imm over 1 body span(s)
0x00539510,0x0,body,one ret imm over 1 body span(s)
0x00539580,0x0,body,one ret imm over 1 body span(s)
0x005395F0,0x0,body,one ret imm over 1 body span(s)
0x00539660,0x0,body,one ret imm over 1 body span(s)
0x005396D0,0x0,body,one ret imm over 1 body span(s)
0x00539740,0x0,body,one ret imm over 1 body span(s)
0x005397B0,0x0,body,one ret imm over 1 body span(s)
0x00539820,0x0,body,one ret imm over 1 body span(s)
0x005398C0,unknown,none,"a direct tail jump over 1 body span(s) to 0x00530D00, but it moves the stack pointer first, so the target's purge is not this body's"
0x005398E0,0x0,body,one ret imm over 1 body span(s)
0x00539920,0x0,body,one ret imm over 1 body span(s)
0x005399A0,0x0,body,one ret imm over 1 body span(s)
0x00539C00,0x0,body,one ret imm over 1 body span(s)
0x00539D40,0x0,body,one ret imm over 1 body span(s)
0x00539E40,0x0,body,one ret imm over 1 body span(s)
0x00539EF0,0x0,body,one ret imm over 1 body span(s)
0x0053A100,0x0,body,one ret imm over 1 body span(s)
0x0053A1C0,0x0,body,one ret imm over 1 body span(s)
0x0053A230,0x0,body,one ret imm over 1 body span(s)
0x0053A4A0,0x0,body,one ret imm over 1 body span(s)
0x0053CAF0,0x0,body,one ret imm over 1 body span(s)
0x0053CE10,0x0,body,one ret imm over 1 body span(s)
0x0053D160,0x0,body,one ret imm over 1 body span(s)
0x0053D360,0x0,body,one ret imm over 2 body span(s)
0x0053DCE0,0x0,body,one ret imm over 2 body span(s)
0x0053E4C0,0x0,body,one ret imm over 1 body span(s)
0x0053E5C0,0x0,body,one ret imm over 1 body span(s)
0x0053E800,0x0,body,one ret imm over 1 body span(s)
0x0053EB50,0x0,body,one ret imm over 2 body span(s)
0x005401A0,0x0,body,one ret imm over 1 body span(s)
0x00540630,0x0,body,one ret imm over 1 body span(s)
0x00541100,0x0,body,one ret imm over 2 body span(s)
0x00543A20,0x0,body,one ret imm over 1 body span(s)
0x00543BC0,0x0,body,one ret imm over 1 body span(s)
0x00544E40,0x0,body,one ret imm over 1 body span(s)
0x00545D60,0x0,body,one ret imm over 1 body span(s)
0x00545E80,0x0,body,one ret imm over 2 body span(s)
0x00548DD0,0x0,body,one ret imm over 1 body span(s)
0x00548F80,0x0,body,one ret imm over 1 body span(s)
0x00549270,0x0,body,one ret imm over 1 body span(s)
0x00549930,0x0,body,one ret imm over 1 body span(s)
0x0054ACC0,0x0,body,one ret imm over 1 body span(s)
0x0054B140,0x0,body,one ret imm over 1 body span(s)
0x0054B1C0,0x0,body,one ret imm over 2 body span(s)
0x0054BEC0,0x0,body,one ret imm over 2 body span(s)
0x0054C560,0x0,body,one ret imm over 2 body span(s)
0x0054DCF0,0x0,body,one ret imm over 2 body span(s)
0x0054F420,0x0,body,one ret imm over 2 body span(s)
0x005589E0,0x0,body,one ret imm over 1 body span(s)
0x00558C60,0x0,body,one ret imm over 1 body span(s)
0x005591A0,0x0,body,one ret imm over 1 body span(s)
0x005591C0,0x0,body,one ret imm over 1 body span(s)
0x00559230,0x0,body,one ret imm over 1 body span(s)
0x00559250,0x0,tail-jump,one ret imm in the tail-jump target 0x0055B740 over 1 body span(s)
0x00559260,0x0,body,one ret imm over 1 body span(s)
0x00559280,0x0,tail-jump,one ret imm in the tail-jump target 0x0055B740 over 1 body span(s)
0x0055AF20,0x0,body,one ret imm over 1 body span(s)
0x0055B760,0x0,body,one ret imm over 1 body span(s)
0x0055B820,0x0,body,one ret imm over 1 body span(s)
0x0055B870,0x0,body,one ret imm over 1 body span(s)
0x0055BA80,0x0,body,one ret imm over 1 body span(s)
0x0055BB30,0x0,body,one ret imm over 1 body span(s)
0x0055BC00,0x0,body,one ret imm over 1 body span(s)
0x0055C430,0x0,body,one ret imm over 1 body span(s)
0x0055C730,0x0,body,one ret imm over 1 body span(s)
0x0055C840,0x0,body,one ret imm over 1 body span(s)
0x0055CCA0,0x0,body,one ret imm over 1 body span(s)
0x0055CE20,0x0,body,one ret imm over 1 body span(s)
0x0055D040,0x0,body,one ret imm over 1 body span(s)
0x0055D190,0x0,body,one ret imm over 1 body span(s)
0x0055D760,0x0,body,one ret imm over 1 body span(s)
0x0055E370,0x0,body,one ret imm over 1 body span(s)
0x0055EB80,0x0,body,one ret imm over 1 body span(s)
0x0055F450,0x0,body,one ret imm over 1 body span(s)
0x0055F770,0x0,body,one ret imm over 1 body span(s)
0x00579790,0x0,body,one ret imm over 1 body span(s)
0x005797D0,0x0,body,one ret imm over 1 body span(s)
0x005798A0,0x0,body,one ret imm over 1 body span(s)
0x0057D240,0x0,body,one ret imm over 1 body span(s)
0x0057DF00,0x0,body,one ret imm over 1 body span(s)
0x0057DFC0,0x0,body,one ret imm over 1 body span(s)
0x0057F1D0,0x0,body,one ret imm over 1 body span(s)
0x0057F4B0,0x0,body,one ret imm over 1 body span(s)
0x00581260,0x0,body,one ret imm over 1 body span(s)
0x00583CB0,0x0,body,one ret imm over 1 body span(s)
0x00583CD0,0x0,body,one ret imm over 1 body span(s)
0x00584B50,0x0,body,one ret imm over 1 body span(s)
0x00584D00,0x0,body,one ret imm over 1 body span(s)
0x00584D20,0x0,tail-jump,one ret imm in the tail-jump target 0x004C67C0 over 3 body span(s)
0x00584E40,0x0,body,one ret imm over 1 body span(s)
0x00584F40,0x0,body,one ret imm over 1 body span(s)
0x00585030,0x0,body,one ret imm over 1 body span(s)
0x00585150,0x0,body,one ret imm over 1 body span(s)
0x00585170,0x0,body,one ret imm over 1 body span(s)
0x00585E30,0x0,body,one ret imm over 1 body span(s)
0x00586050,0x0,body,one ret imm over 1 body span(s)
0x00586F30,0x0,body,one ret imm over 1 body span(s)
0x005871D0,0x0,body,one ret imm over 1 body span(s)
0x00587240,0x0,body,one ret imm over 1 body span(s)
0x005882A0,0x0,body,one ret imm over 1 body span(s)
0x005882D0,0x0,body,one ret imm over 1 body span(s)
0x005882F0,0x0,body,one ret imm over 1 body span(s)
0x00588340,0x0,body,one ret imm over 1 body span(s)
0x005883D0,0x0,body,one ret imm over 1 body span(s)
0x00588460,0x0,body,one ret imm over 1 body span(s)
0x005888E0,0x0,body,one ret imm over 1 body span(s)
0x005889C0,0x0,body,one ret imm over 1 body span(s)
0x00588AA0,0x0,body,one ret imm over 1 body span(s)
0x00588F90,0x0,body,one ret imm over 1 body span(s)
0x00589330,0x0,body,one ret imm over 1 body span(s)
0x005898A0,0x0,body,one ret imm over 1 body span(s)
0x00589B20,0x0,body,one ret imm over 1 body span(s)
0x00589B60,0x0,body,one ret imm over 2 body span(s)
0x00589D30,0x0,body,one ret imm over 2 body span(s)
0x0058C2A0,0x0,body,one ret imm over 2 body span(s)
0x0058CED0,0x0,body,one ret imm over 2 body span(s)
0x0058DB30,0x0,body,one ret imm over 1 body span(s)
0x0058E360,0x0,body,one ret imm over 2 body span(s)
0x0058EE50,0x0,body,one ret imm over 1 body span(s)
0x0058EE60,0x0,body,one ret imm over 1 body span(s)
0x0058EFF0,unknown,none,"a direct tail jump over 1 body span(s) to 0x005EDCD0, but it calls out first, and a callee that purges moves the stack pointer, so the target's purge is not this body's"
0x0058F040,0x0,body,one ret imm over 2 body span(s)
0x0058F250,0x0,body,one ret imm over 1 body span(s)
0x0058F430,unknown,none,"a direct tail jump over 1 body span(s) to 0x00616950, but it calls out first, and a callee that purges moves the stack pointer, so the target's purge is not this body's"
0x0058F610,0x0,body,one ret imm over 1 body span(s)
0x0058F700,0x0,body,one ret imm over 1 body span(s)
0x0058F810,0x0,body,one ret imm over 1 body span(s)
0x0058F8B0,0x0,body,one ret imm over 1 body span(s)
0x0058F9D0,0x0,body,one ret imm over 1 body span(s)
0x0058FA20,0x0,body,one ret imm over 1 body span(s)
0x0058FA70,0x0,body,one ret imm over 1 body span(s)
0x0058FB00,0x0,body,one ret imm over 1 body span(s)
0x0058FBC0,0x0,body,one ret imm over 1 body span(s)
0x0058FC50,0x0,body,one ret imm over 1 body span(s)
0x0058FCE0,0x0,body,one ret imm over 1 body span(s)
0x00590510,0x0,body,one ret imm over 1 body span(s)
0x005905C0,0x0,body,one ret imm over 1 body span(s)
0x005906F0,0x0,body,one ret imm over 1 body span(s)
0x00590800,0x0,body,one ret imm over 1 body span(s)
0x00590910,0x0,body,one ret imm over 1 body span(s)
0x00590990,0x0,body,one ret imm over 1 body span(s)
0x00590A10,0x0,body,one ret imm over 1 body span(s)
0x00590AA0,0x0,body,one ret imm over 1 body span(s)
0x00590B30,0x0,body,one ret imm over 1 body span(s)
0x00590BA0,0x0,body,one ret imm over 1 body span(s)
0x00590E90,0x0,body,one ret imm over 1 body span(s)
0x00590ED0,0x0,body,one ret imm over 1 body span(s)
0x00591040,0x0,body,one ret imm over 1 body span(s)
0x005918A0,0x0,body,one ret imm over 1 body span(s)
0x00591AD0,0x0,body,one ret imm over 1 body span(s)
0x00592550,0x0,body,one ret imm over 1 body span(s)
0x00592940,0x0,body,one ret imm over 1 body span(s)
0x00592A80,0x0,body,one ret imm over 1 body span(s)
0x00592AF0,0x0,body,one ret imm over 1 body span(s)
0x00592E70,0x0,body,one ret imm over 1 body span(s)
0x00592EE0,0x0,body,one ret imm over 1 body span(s)
0x00592FF0,0x0,body,one ret imm over 1 body span(s)
0x00593090,0x0,body,one ret imm over 1 body span(s)
0x00593110,0x0,body,one ret imm over 1 body span(s)
0x00593190,0x0,body,one ret imm over 1 body span(s)
0x00593250,0x0,body,one ret imm over 1 body span(s)
0x00593280,0x0,body,one ret imm over 1 body span(s)
0x005932E0,0x0,body,one ret imm over 1 body span(s)
0x00593310,0x0,body,one ret imm over 1 body span(s)
0x00593340,0x0,body,one ret imm over 1 body span(s)
0x00593390,0x0,body,one ret imm over 1 body span(s)
0x005933C0,0x0,body,one ret imm over 1 body span(s)
0x005933F0,0x0,body,one ret imm over 1 body span(s)
0x00593420,0x0,body,one ret imm over 1 body span(s)
0x005934B0,0x0,body,one ret imm over 1 body span(s)
0x005934E0,0x0,body,one ret imm over 1 body span(s)
0x0059A1B0,0x0,body,one ret imm over 1 body span(s)
0x0059A1C0,0x0,body,one ret imm over 1 body span(s)
0x0059D3B0,0x0,body,one ret imm over 2 body span(s)
0x0059D690,0x0,body,one ret imm over 2 body span(s)
0x0059DA20,0x0,body,one ret imm over 1 body span(s)
0x0059DAA0,0x0,body,one ret imm over 1 body span(s)
0x0059DB20,0x0,body,one ret imm over 1 body span(s)
0x0059DB30,0x0,body,one ret imm over 1 body span(s)
0x0059DBD0,0x0,body,one ret imm over 1 body span(s)
0x0059E950,0x0,body,one ret imm over 1 body span(s)
0x005A58B0,0x0,body,one ret imm over 1 body span(s)
0x005A58E0,0x0,body,one ret imm over 1 body span(s)
0x005A5910,0x0,body,one ret imm over 1 body span(s)
0x005A94F0,0x0,body,one ret imm over 1 body span(s)
0x005A96D0,0x0,body,one ret imm over 1 body span(s)
0x005A9B20,0x0,body,one ret imm over 1 body span(s)
0x005A9C10,0x0,body,one ret imm over 1 body span(s)
0x005A9DB0,0x0,body,one ret imm over 1 body span(s)
0x005A9EB0,0x0,body,one ret imm over 2 body span(s)
0x005AAAB0,0x0,body,one ret imm over 2 body span(s)
0x005AB600,0x0,body,one ret imm over 2 body span(s)
0x005ABB90,0x0,body,one ret imm over 2 body span(s)
0x005ABD10,0x0,body,one ret imm over 1 body span(s)
0x005ABD20,0x0,body,one ret imm over 1 body span(s)
0x005ABEC0,0x0,body,one ret imm over 1 body span(s)
0x005ABF20,0x0,body,one ret imm over 1 body span(s)
0x005AC5A0,0x0,body,one ret imm over 1 body span(s)
0x005AC690,0x0,body,one ret imm over 1 body span(s)
0x005ADBD0,0x0,body,one ret imm over 1 body span(s)
0x005ADBF0,0x0,body,one ret imm over 3 body span(s)
0x005ADE80,0x0,body,one ret imm over 1 body span(s)
0x005AE0E0,0x4,tail-jump,one ret imm in the tail-jump target 0x005AE0B0 over 1 body span(s)
0x005AE0F0,0x0,body,one ret imm over 1 body span(s)
0x005AE110,0x0,tail-jump,one ret imm in the tail-jump target 0x004C67C0 over 3 body span(s)
0x005AE120,0x0,body,one ret imm over 2 body span(s)
0x005AEDE0,0x0,body,one ret imm over 1 body span(s)
0x005B0420,0x0,body,one ret imm over 1 body span(s)
0x005B0A30,0x0,body,one ret imm over 1 body span(s)
0x005B3380,0x0,body,one ret imm over 1 body span(s)
0x005B38D0,0x0,body,one ret imm over 1 body span(s)
0x005B3920,0x0,body,one ret imm over 1 body span(s)
0x005B4600,0x0,body,one ret imm over 1 body span(s)
0x005B9C10,0x0,body,one ret imm over 1 body span(s)
0x005B9C30,0x0,tail-jump,one ret imm in the tail-jump target 0x004C67C0 over 3 body span(s)
0x005BDD70,0x0,body,one ret imm over 1 body span(s)
0x005BDD90,0x0,body,one ret imm over 1 body span(s)
0x005BDDC0,0x0,body,one ret imm over 1 body span(s)
0x005BDDF0,0x0,body,one ret imm over 1 body span(s)
0x005BE940,0x0,body,one ret imm over 1 body span(s)
0x005BEC40,0x0,body,one ret imm over 1 body span(s)
0x005BEC60,unknown,none,"a direct tail jump over 1 body span(s) to 0x005FE2E0, which reaches no ret of its own; that is a chain, and this gate does not take a second hop"
0x005BEC70,0x0,body,one ret imm over 1 body span(s)
0x005BEC90,unknown,none,"a direct tail jump over 1 body span(s) to 0x005FE2E0, which reaches no ret of its own; that is a chain, and this gate does not take a second hop"
0x005BF310,0x0,body,one ret imm over 1 body span(s)
0x005BF330,0x0,body,one ret imm over 1 body span(s)
0x005BF350,0x0,body,one ret imm over 1 body span(s)
0x005BF390,0x0,body,one ret imm over 1 body span(s)
0x005BF3C0,0x0,body,one ret imm over 1 body span(s)
0x005BF3F0,0x0,body,one ret imm over 1 body span(s)
0x005BF420,0x0,body,one ret imm over 1 body span(s)
0x005BF450,0x0,body,one ret imm over 1 body span(s)
0x005BF5D0,0x0,body,one ret imm over 1 body span(s)
0x005BF600,0x0,body,one ret imm over 1 body span(s)
0x005BF630,0x0,body,one ret imm over 1 body span(s)
0x005BF660,0x0,body,one ret imm over 1 body span(s)
0x005BF690,0x0,body,one ret imm over 1 body span(s)
0x005BF6C0,0x0,body,one ret imm over 1 body span(s)
0x005BF6F0,0x0,body,one ret imm over 1 body span(s)
0x005BF730,0x0,body,one ret imm over 1 body span(s)
0x005BF770,0x0,body,one ret imm over 1 body span(s)
0x005BF7A0,0x0,body,one ret imm over 1 body span(s)
0x005BF7D0,0x0,body,one ret imm over 1 body span(s)
0x005BF800,0x0,body,one ret imm over 1 body span(s)
0x005BF830,0x0,body,one ret imm over 1 body span(s)
0x005BF860,0x0,body,one ret imm over 1 body span(s)
0x005BF890,0x0,body,one ret imm over 1 body span(s)
0x005BF8C0,0x0,body,one ret imm over 1 body span(s)
0x005BF900,0x0,body,one ret imm over 1 body span(s)
0x005BFAB0,0x0,body,one ret imm over 1 body span(s)
0x005BFAE0,0x0,body,one ret imm over 1 body span(s)
0x005BFB10,0x0,body,one ret imm over 1 body span(s)
0x005BFB40,0x0,body,one ret imm over 1 body span(s)
0x005BFB80,0x0,body,one ret imm over 1 body span(s)
0x005BFBC0,0x0,body,one ret imm over 1 body span(s)
0x005BFD10,0x0,body,one ret imm over 1 body span(s)
0x005BFD30,0x0,body,one ret imm over 1 body span(s)
0x005BFD50,0x0,body,one ret imm over 1 body span(s)
0x005BFD70,0x0,body,one ret imm over 1 body span(s)
0x005C0260,0x0,body,one ret imm over 1 body span(s)
0x005C0CB0,0x0,body,one ret imm over 1 body span(s)
0x005C23E0,0x0,body,one ret imm over 1 body span(s)
0x005C28F0,0x0,body,one ret imm over 1 body span(s)
0x005C2B40,0x0,body,one ret imm over 1 body span(s)
0x005C2CB0,0x0,body,one ret imm over 1 body span(s)
0x005C32A0,0x0,body,one ret imm over 1 body span(s)
0x005C3440,0x0,body,one ret imm over 1 body span(s)
0x005C3680,0x0,body,one ret imm over 1 body span(s)
0x005C38B0,0x0,body,one ret imm over 1 body span(s)
0x005C3F70,0x0,body,one ret imm over 1 body span(s)
0x005C40F0,0x0,body,one ret imm over 1 body span(s)
0x005C4170,0x0,body,one ret imm over 1 body span(s)
0x005C4470,0x0,body,one ret imm over 1 body span(s)
0x005C4FD0,0x0,body,one ret imm over 1 body span(s)
0x005C55C0,0x0,body,one ret imm over 1 body span(s)
0x005C58E0,0x0,body,one ret imm over 1 body span(s)
0x005C5A30,0x0,body,one ret imm over 1 body span(s)
0x005C5AE0,0x0,body,one ret imm over 1 body span(s)
0x005C8630,unknown,none,"a direct tail jump over 1 body span(s) to 0x00592940, but it moves the stack pointer first, so the target's purge is not this body's"
0x005C86E0,0x0,body,one ret imm over 1 body span(s)
0x005C89B0,0x0,body,one ret imm over 1 body span(s)
0x005C97C0,0x0,body,one ret imm over 1 body span(s)
0x005C97E0,0x0,tail-jump,one ret imm in the tail-jump target 0x005C9E00 over 2 body span(s)
0x005C9900,0x0,body,one ret imm over 1 body span(s)
0x005C9EB0,0x4,tail-jump,one ret imm in the tail-jump target 0x005C9E80 over 1 body span(s)
0x005D6A50,0x0,body,one ret imm over 1 body span(s)
0x005D7160,0x4,tail-jump,one ret imm in the tail-jump target 0x005D7140 over 1 body span(s)
0x005D71D0,0x0,body,one ret imm over 1 body span(s)
0x005D71F0,0x0,body,one ret imm over 1 body span(s)
0x005D7B40,0x10,body,one ret imm over 2 body span(s)
0x005D7CA0,0x10,body,one ret imm over 2 body span(s)
0x005DA680,0xC,body,one ret imm over 1 body span(s)
0x005DC2D0,0x0,body,one ret imm over 1 body span(s)
0x005DC310,0x0,body,one ret imm over 1 body span(s)
0x005DF570,0x0,body,one ret imm over 1 body span(s)
0x005DF580,0x0,body,one ret imm over 1 body span(s)
0x005E2480,0x0,body,one ret imm over 2 body span(s)
0x005E37B0,0x0,body,one ret imm over 1 body span(s)
0x005E37D0,0x0,tail-jump,one ret imm in the tail-jump target 0x005D7410 over 2 body span(s)
0x005EB350,0x0,body,one ret imm over 1 body span(s)
0x005EB370,0x0,body,one ret imm over 1 body span(s)
0x005EC690,0x0,body,one ret imm over 1 body span(s)
0x005EC6F0,0x0,body,one ret imm over 1 body span(s)
0x005EFD20,0x0,body,one ret imm over 1 body span(s)
0x005F01F0,0x0,body,one ret imm over 2 body span(s)
0x005F04E0,0x0,body,one ret imm over 1 body span(s)
0x005F0650,0x10,body,one ret imm over 1 body span(s)
0x005F15C0,0x0,body,one ret imm over 1 body span(s)
0x005F1660,0x0,body,one ret imm over 1 body span(s)
0x005F16D0,0x0,body,one ret imm over 1 body span(s)
0x005F1820,0x0,body,one ret imm over 1 body span(s)
0x005F2290,0x0,body,one ret imm over 1 body span(s)
0x005F2330,0x0,body,one ret imm over 1 body span(s)
0x005F2570,0x0,body,one ret imm over 1 body span(s)
0x005F25C0,0x0,body,one ret imm over 1 body span(s)
0x005F2620,0x0,body,one ret imm over 1 body span(s)
0x005F2670,0x0,body,one ret imm over 1 body span(s)
0x005F2C40,0x0,body,one ret imm over 1 body span(s)
0x005F2CE0,0x0,body,one ret imm over 1 body span(s)
0x005F4CC0,0x0,body,one ret imm over 1 body span(s)
0x005F4D00,0x0,body,one ret imm over 1 body span(s)
0x005F4EC0,0x0,body,one ret imm over 1 body span(s)
0x005F5020,0x0,body,one ret imm over 1 body span(s)
0x005F5080,0x0,body,one ret imm over 1 body span(s)
0x005F50E0,0x0,body,one ret imm over 1 body span(s)
0x005F5140,0x0,body,one ret imm over 1 body span(s)
0x005F5200,0x4,body,one ret imm over 1 body span(s)
0x005F5270,0x4,body,one ret imm over 1 body span(s)
0x005F5F60,0x0,body,one ret imm over 1 body span(s)
0x005F6A50,0x0,body,one ret imm over 1 body span(s)
0x005F6AB0,0x0,body,one ret imm over 1 body span(s)
0x005F6F10,0x0,body,one ret imm over 1 body span(s)
0x005F7320,0x0,body,one ret imm over 1 body span(s)
0x005F8500,0x0,body,one ret imm over 1 body span(s)
0x005FA790,0x4,tail-jump,one ret imm in the tail-jump target 0x005FA770 over 1 body span(s)
0x005FA7A0,0x0,body,one ret imm over 1 body span(s)
0x005FA7E0,0x0,body,one ret imm over 1 body span(s)
0x005FAEE0,0x0,body,one ret imm over 2 body span(s)
0x005FC6F0,0x4,tail-jump,one ret imm in the tail-jump target 0x005FC6D0 over 1 body span(s)
0x005FC700,0x0,body,one ret imm over 1 body span(s)
0x005FC7F0,0x0,body,one ret imm over 1 body span(s)
0x005FC8F0,0x0,body,one ret imm over 1 body span(s)
0x005FC9F0,unknown,none,"a direct tail jump over 1 body span(s) to 0x0062D5B0, but it names the stack pointer first, so the target's purge is not this body's"
0x005FCA30,0x0,body,one ret imm over 1 body span(s)
0x005FCB20,unknown,none,"a direct tail jump over 1 body span(s) to 0x0062D5D0, but it calls out first, and a callee that purges moves the stack pointer, so the target's purge is not this body's"
0x005FCB60,0x0,body,one ret imm over 1 body span(s)
0x005FCBB0,0x0,body,one ret imm over 1 body span(s)
0x005FCC20,0x0,body,one ret imm over 1 body span(s)
0x005FCC70,0x0,body,one ret imm over 1 body span(s)
0x005FCF90,0x0,body,one ret imm over 1 body span(s)
0x005FCFE0,0x0,body,one ret imm over 1 body span(s)
0x005FD050,0x0,body,one ret imm over 1 body span(s)
0x005FD0A0,0x0,body,one ret imm over 1 body span(s)
0x005FD120,0x0,body,one ret imm over 1 body span(s)
0x005FD1C0,0x0,body,one ret imm over 1 body span(s)
0x005FD220,0x0,body,one ret imm over 1 body span(s)
0x005FD2B0,0x0,body,one ret imm over 1 body span(s)
0x005FD360,0x0,body,one ret imm over 1 body span(s)
0x005FD370,0x0,body,one ret imm over 1 body span(s)
0x005FD400,0x0,body,one ret imm over 1 body span(s)
0x005FD460,0x0,body,one ret imm over 1 body span(s)
0x005FD4C0,0x0,body,one ret imm over 1 body span(s)
0x005FD4D0,0x0,body,one ret imm over 1 body span(s)
0x005FD4E0,0x0,body,one ret imm over 1 body span(s)
0x005FD510,0x0,body,one ret imm over 1 body span(s)
0x005FD530,0x0,body,one ret imm over 1 body span(s)
0x005FD570,0x0,body,one ret imm over 1 body span(s)
0x005FD5E0,0x0,body,one ret imm over 1 body span(s)
0x005FD670,0x0,body,one ret imm over 1 body span(s)
0x005FD6D0,0x0,body,one ret imm over 1 body span(s)
0x005FD740,0x0,body,one ret imm over 1 body span(s)
0x005FD7A0,0x0,body,one ret imm over 1 body span(s)
0x005FD800,0x0,body,one ret imm over 1 body span(s)
0x005FE1F0,0x0,body,one ret imm over 1 body span(s)
0x005FE230,0x0,body,one ret imm over 1 body span(s)
0x005FE270,0x0,body,one ret imm over 1 body span(s)
0x005FE4F0,0x0,body,one ret imm over 1 body span(s)
0x005FEAD0,0x0,body,one ret imm over 1 body span(s)
0x005FEBB0,0x0,body,one ret imm over 1 body span(s)
0x005FECF0,0x0,body,one ret imm over 1 body span(s)
0x006003A0,0x0,body,one ret imm over 1 body span(s)
0x006003B0,0x0,body,one ret imm over 1 body span(s)
0x00600400,0x0,body,one ret imm over 1 body span(s)
0x006005D0,0x0,body,one ret imm over 1 body span(s)
0x00600760,0x0,body,one ret imm over 1 body span(s)
0x00600780,0x0,body,one ret imm over 1 body span(s)
0x00600840,0x0,body,one ret imm over 1 body span(s)
0x006018A0,0x0,body,one ret imm over 1 body span(s)
0x00601910,0x0,body,one ret imm over 1 body span(s)
0x006043D0,0x0,body,one ret imm over 1 body span(s)
0x00604590,0x0,body,one ret imm over 1 body span(s)
0x00604680,0x0,body,one ret imm over 1 body span(s)
0x006048C0,0x0,body,one ret imm over 1 body span(s)
0x00604900,0x0,body,one ret imm over 1 body span(s)
0x00604930,0x0,body,one ret imm over 1 body span(s)
0x00604960,0x0,body,one ret imm over 1 body span(s)
0x00604990,0x0,body,one ret imm over 1 body span(s)
0x006049C0,0x0,body,one ret imm over 1 body span(s)
0x006049F0,0x0,body,one ret imm over 1 body span(s)
0x00604A20,0x0,body,one ret imm over 1 body span(s)
0x00604A50,0x0,body,one ret imm over 1 body span(s)
0x00604A80,0x0,body,one ret imm over 1 body span(s)
0x00604A90,0x0,body,one ret imm over 1 body span(s)
0x006050F0,0x0,body,one ret imm over 1 body span(s)
0x00607420,0x0,body,one ret imm over 1 body span(s)
0x00607450,0x0,body,one ret imm over 1 body span(s)
0x00607480,0x0,body,one ret imm over 1 body span(s)
0x006074B0,0x0,body,one ret imm over 1 body span(s)
0x00607B10,0x0,body,one ret imm over 1 body span(s)
0x00607CE0,0x4,tail-jump,one ret imm in the tail-jump target 0x00607CC0 over 1 body span(s)
0x00609D20,0x0,body,one ret imm over 1 body span(s)
0x00609D50,0x0,body,one ret imm over 1 body span(s)
0x0060D060,0x0,body,one ret imm over 1 body span(s)
0x0060D080,0x0,body,one ret imm over 1 body span(s)
0x0060D0A0,0x0,body,one ret imm over 1 body span(s)
0x0060D0C0,0x0,body,one ret imm over 1 body span(s)
0x0060E4D0,0x0,body,one ret imm over 2 body span(s)
0x0060E5D0,unknown,none,"a direct tail jump over 1 body span(s) to 0x005E3820, but it calls out first, and a callee that purges moves the stack pointer, so the target's purge is not this body's"
0x0060E5F0,0x0,body,one ret imm over 1 body span(s)
0x0060E610,0x0,body,one ret imm over 1 body span(s)
0x0060E630,0x0,body,one ret imm over 1 body span(s)
0x0060E650,0x0,body,one ret imm over 1 body span(s)
0x0060FC60,0x0,body,one ret imm over 2 body span(s)
0x0060FD60,unknown,none,"a direct tail jump over 1 body span(s) to 0x005E3820, but it calls out first, and a callee that purges moves the stack pointer, so the target's purge is not this body's"
0x00613790,0x0,body,one ret imm over 1 body span(s)
0x006137B0,0x0,body,one ret imm over 1 body span(s)
0x006137D0,0x0,body,one ret imm over 1 body span(s)
0x006137F0,0x0,body,one ret imm over 1 body span(s)
0x00613810,0x0,body,one ret imm over 1 body span(s)
0x00613830,0x0,body,one ret imm over 1 body span(s)
0x00614C50,0x0,body,one ret imm over 1 body span(s)
0x00614D90,0x0,body,one ret imm over 1 body span(s)
0x00614E30,0x0,body,one ret imm over 1 body span(s)
0x00616860,0x0,body,one ret imm over 1 body span(s)
0x00616870,0x0,body,one ret imm over 1 body span(s)
0x00616880,0x0,body,one ret imm over 1 body span(s)
0x00616890,0x0,body,one ret imm over 1 body span(s)
0x006168A0,0x0,body,one ret imm over 1 body span(s)
0x006168C0,unknown,none,"a direct tail jump over 1 body span(s) to 0x006169C0, which reaches no ret of its own; that is a chain, and this gate does not take a second hop"
0x006169D0,0x0,body,one ret imm over 1 body span(s)
0x00616A00,0x0,body,one ret imm over 1 body span(s)
0x00616AA0,0x0,body,one ret imm over 1 body span(s)
0x00616AC0,0x0,body,one ret imm over 1 body span(s)
0x00616AE0,0x0,body,one ret imm over 1 body span(s)
0x00616B00,0x0,body,one ret imm over 1 body span(s)
0x006185A0,0x0,body,one ret imm over 2 body span(s)
0x00618D20,0x0,body,one ret imm over 1 body span(s)
0x00618DA0,0x0,body,one ret imm over 1 body span(s)
0x00618E10,0x0,body,one ret imm over 1 body span(s)
0x00618E20,0x0,body,one ret imm over 1 body span(s)
0x00618E30,0x0,body,one ret imm over 1 body span(s)
0x00618E50,0x0,body,one ret imm over 1 body span(s)
0x00618E70,0x0,body,one ret imm over 1 body span(s)
0x00618E90,0x0,body,one ret imm over 1 body span(s)
0x006195B0,0x0,body,one ret imm over 1 body span(s)
0x00619610,0x0,body,one ret imm over 1 body span(s)
0x0061A760,0x10,body,one ret imm over 1 body span(s)
0x0061FC90,0x0,body,one ret imm over 1 body span(s)
0x00623F80,0x20,body,one ret imm over 1 body span(s)
0x00624D80,0x0,body,one ret imm over 1 body span(s)
0x006256F0,0x4,tail-jump,one ret imm in the tail-jump target 0x006256D0 over 1 body span(s)
0x00625700,0x0,body,one ret imm over 1 body span(s)
0x00625720,0x0,body,one ret imm over 1 body span(s)
0x006257E0,0x0,body,one ret imm over 1 body span(s)
0x00625800,0x0,body,one ret imm over 1 body span(s)
0x00625810,0x0,body,one ret imm over 1 body span(s)
0x00625850,0x0,body,one ret imm over 1 body span(s)
0x00625E30,0x0,body,one ret imm over 1 body span(s)
0x00625F20,0x0,body,one ret imm over 1 body span(s)
0x00625F90,0x0,body,one ret imm over 1 body span(s)
0x00626230,0x0,body,one ret imm over 1 body span(s)
0x00626250,0x0,body,one ret imm over 1 body span(s)
0x006262F0,0x0,body,one ret imm over 1 body span(s)
0x00626350,0x0,body,one ret imm over 1 body span(s)
0x006263F0,0x0,body,one ret imm over 1 body span(s)
0x00626450,0x0,body,one ret imm over 1 body span(s)
0x006265A0,0x0,body,one ret imm over 1 body span(s)
0x00626620,0x0,body,one ret imm over 1 body span(s)
0x00626D90,0x0,body,one ret imm over 1 body span(s)
0x00626E10,0x0,body,one ret imm over 1 body span(s)
0x00627130,0x0,body,one ret imm over 1 body span(s)
0x00627160,0x0,body,one ret imm over 1 body span(s)
0x00627190,0x0,body,one ret imm over 1 body span(s)
0x006271D0,0x0,body,one ret imm over 1 body span(s)
0x00627200,0x0,body,one ret imm over 1 body span(s)
0x00627230,0x0,body,one ret imm over 1 body span(s)
0x00627260,0x0,body,one ret imm over 1 body span(s)
0x00627290,0x0,body,one ret imm over 1 body span(s)
0x006272C0,0x0,body,one ret imm over 1 body span(s)
0x006272F0,unknown,none,"a direct tail jump over 1 body span(s) to 0x00600F00, but it calls out first, and a callee that purges moves the stack pointer, so the target's purge is not this body's"
0x00627310,0x0,body,one ret imm over 1 body span(s)
0x00627340,0x0,body,one ret imm over 1 body span(s)
0x00627370,0x0,body,one ret imm over 1 body span(s)
0x006273A0,0x0,body,one ret imm over 1 body span(s)
0x006273D0,0x0,body,one ret imm over 1 body span(s)
0x00627400,0x0,body,one ret imm over 1 body span(s)
0x00627440,0x0,body,one ret imm over 1 body span(s)
0x00627480,0x0,body,one ret imm over 1 body span(s)
0x006274D0,0x0,body,one ret imm over 1 body span(s)
0x00627500,0x0,body,one ret imm over 1 body span(s)
0x00627540,0x0,body,one ret imm over 1 body span(s)
0x00627570,0x0,body,one ret imm over 1 body span(s)
0x006275A0,0x0,body,one ret imm over 1 body span(s)
0x006275D0,0x0,body,one ret imm over 1 body span(s)
0x00627600,0x0,body,one ret imm over 1 body span(s)
0x00627630,0x0,body,one ret imm over 1 body span(s)
0x00627670,0x0,body,one ret imm over 1 body span(s)
0x006276A0,0x0,body,one ret imm over 1 body span(s)
0x00628A50,0x0,body,one ret imm over 1 body span(s)
0x00628A80,0x0,body,one ret imm over 1 body span(s)
0x00628AB0,0x0,body,one ret imm over 1 body span(s)
0x00628AD0,0x0,body,one ret imm over 1 body span(s)
0x00628AF0,0x0,body,one ret imm over 1 body span(s)
0x00628B30,0x0,body,one ret imm over 1 body span(s)
0x00628B70,0x0,body,one ret imm over 1 body span(s)
0x00628DB0,0x0,body,one ret imm over 1 body span(s)
0x006290E0,0x0,body,one ret imm over 1 body span(s)
0x0062C850,0x4,tail-jump,one ret imm in the tail-jump target 0x0062C830 over 1 body span(s)
0x0062D500,0x0,body,one ret imm over 1 body span(s)
0x0062D570,0x0,body,one ret imm over 1 body span(s)
0x0062D5B0,0x0,body,one ret imm over 1 body span(s)
0x0062D5D0,0x0,body,one ret imm over 1 body span(s)
0x006327E0,0x0,body,one ret imm over 1 body span(s)
0x006339A0,0x0,body,one ret imm over 1 body span(s)
0x006339B0,0x0,body,one ret imm over 1 body span(s)
0x00634BB0,0x0,body,one ret imm over 1 body span(s)
0x00636300,0x0,body,one ret imm over 1 body span(s)
0x0063B910,0x0,body,one ret imm over 1 body span(s)
0x0063B930,0x0,body,one ret imm over 1 body span(s)
0x0063B940,0x0,body,one ret imm over 1 body span(s)
0x0063B9B0,0x0,body,one ret imm over 1 body span(s)
0x0063BAC0,0x0,body,one ret imm over 1 body span(s)
0x00644F45,0x8,body,one ret imm over 1 body span(s)
0x0064500C,0x0,body,one ret imm over 1 body span(s)
0x00645085,0x0,body,one ret imm over 1 body span(s)
0x006451B0,0x0,body,one ret imm over 1 body span(s)
0x00645764,unknown,none,2 distinct ret imm over 1 body span(s)
0x00648BED,0x0,body,one ret imm over 1 body span(s)
0x00648D79,0x0,body,one ret imm over 2 body span(s)
0x00648E94,0x0,body,one ret imm over 1 body span(s)
0x00648EBE,0x0,body,one ret imm over 1 body span(s)
0x006490E9,0x0,body,one ret imm over 1 body span(s)
0x006492CA,0x0,body,one ret imm over 2 body span(s)
