address,name,argument_count,evidence
0x00401520,sub_401520,2,"IDA 9.4 guess_type int __thiscall(void *Block, char)"
0x00401B80,sub_401b80,1,IDA 9.4 guess_type int __stdcall(int)
0x00401BE0,sub_401be0,0,IDA 9.4 guess_type int()
0x00401C80,SessionStruct::SessionStruct,1,IDA 9.4 guess_type int __stdcall(int)
0x00401CE0,SessionStruct::close,0,IDA 9.4 guess_type int()
0x00401D80,sub_401d80,1,IDA 9.4 guess_type int __stdcall(void *Block)
0x00402310,sub_402310,0,IDA 9.4 guess_type int()
0x00402320,sub_402320,1,IDA 9.4 guess_type int __cdecl(void *Block)
0x00402350,sub_402350,1,IDA 9.4 guess_type int __stdcall(char)
0x004023A0,sub_4023a0,0,IDA 9.4 guess_type int()
0x00402550,SpriteStruct::add,1,IDA 9.4 guess_type int __stdcall(int)
0x00402970,StringStruct::remove_all,0,IDA 9.4 guess_type int()
0x00402A60,ServiceStruct::dt,1,IDA 9.4 guess_type int __stdcall(char)
0x00402AD0,sub_402ad0,1,IDA 9.4 guess_type int __stdcall(char)
0x00402B40,SessionStruct::dt,1,IDA 9.4 guess_type int __stdcall(char)
0x00402BB0,sub_402bb0,1,IDA 9.4 guess_type int __stdcall(char)
0x00402C20,sub_402c20,1,IDA 9.4 guess_type int __stdcall(char)
0x00402C70,sub_402c70,1,IDA 9.4 guess_type int __stdcall(char)
0x00402CC0,sub_402cc0,1,IDA 9.4 guess_type int __stdcall(char)
0x00402D10,sub_402d10,1,IDA 9.4 guess_type int __stdcall(int)
0x00402D80,sub_402d80,1,IDA 9.4 guess_type int __stdcall(char)
0x00402DD0,sub_402dd0,0,IDA 9.4 guess_type int()
0x00402EE0,sub_402ee0,4,"IDA 9.4 guess_type int __stdcall(int, int, int, int)"
0x004042B0,sub_4042b0,1,IDA 9.4 guess_type Iostream_init *__thiscall(Iostream_init *__hidden this)
0x00404420,sub_404420,0,IDA 9.4 guess_type int()
0x00406670,sub_406670,1,IDA 9.4 guess_type int __stdcall(char)
0x004066C0,sub_4066c0,0,IDA 9.4 guess_type int()
0x00406820,sub_406820,1,IDA 9.4 guess_type void __thiscall(void *)
0x00406840,sub_406840,0,IDA 9.4 guess_type int()
0x00406A80,sub_406a80,2,"IDA 9.4 guess_type int __stdcall(int, int)"
0x00406A90,sub_406a90,0,IDA 9.4 guess_type int()
0x00406AF0,sub_406af0,0,IDA 9.4 guess_type int()
0x00406B20,nullsub_27,3,"IDA 9.4 guess_type int __stdcall(int, int, int)"
0x00406B30,sub_406b30,0,IDA 9.4 guess_type int()
0x00406B70,sub_406b70,2,"IDA 9.4 guess_type int __stdcall(int, int)"
0x00406BA0,sub_406ba0,2,"IDA 9.4 guess_type int __stdcall(int, int)"
0x004080B0,sub_4080b0,0,IDA 9.4 guess_type int()
0x004216F0,sub_4216f0,3,"IDA 9.4 guess_type int __stdcall(int, int, int)"
0x00421980,PopMenu::delete1,1,IDA 9.4 guess_type int __stdcall(int)
0x00421990,PopMenu::delete2,1,IDA 9.4 guess_type int __stdcall(int)
0x004219A0,PopMenu::delete3,1,IDA 9.4 guess_type int __stdcall(int)
0x00440F30,sub_440f30,0,IDA 9.4 guess_type int()
0x00440F60,sub_440f60,0,IDA 9.4 guess_type void __cdecl()
0x00441100,sub_441100,2,"IDA 9.4 guess_type int __cdecl(int, int)"
0x004450B0,sub_4450b0,1,IDA 9.4 guess_type void __thiscall(void *)
0x004482F0,sub_4482f0,1,IDA 9.4 guess_type int __stdcall(int)
0x00448310,sub_448310,0,IDA 9.4 guess_type int()
0x00448320,sub_448320,0,IDA 9.4 guess_type int()
0x00448330,sub_448330,0,IDA 9.4 guess_type int()
0x00448340,sub_448340,0,IDA 9.4 guess_type int()
0x00448380,sub_448380,0,IDA 9.4 guess_type int()
0x00448390,sub_448390,2,"IDA 9.4 guess_type int __thiscall(void *Block, char)"
0x0044AF70,sub_44af70,0,IDA 9.4 guess_type int()
0x0044C820,nullsub_3,0,IDA 9.4 guess_type int()
0x0044C850,nullsub_191,0,IDA 9.4 guess_type int()
0x0044C870,sub_44c870,0,IDA 9.4 guess_type int()
0x0044C8A0,nullsub_226,0,IDA 9.4 guess_type int()
0x0044C8B0,nullsub_227,0,IDA 9.4 guess_type int()
0x0044C8C0,sub_44c8c0,0,IDA 9.4 guess_type int()
0x0044C8D0,nullsub_229,0,IDA 9.4 guess_type int()
0x0044C8E0,nullsub_230,0,IDA 9.4 guess_type int()
0x0044C8F0,nullsub_231,0,IDA 9.4 guess_type int()
0x0044C900,nullsub_232,0,IDA 9.4 guess_type int()
0x0044C930,nullsub_233,0,IDA 9.4 guess_type int()
0x0044C960,nullsub_234,0,IDA 9.4 guess_type int()
0x0044C970,sub_44c970,0,IDA 9.4 guess_type int()
0x0044C9A0,nullsub_235,0,IDA 9.4 guess_type int()
0x0044C9D0,nullsub_236,0,IDA 9.4 guess_type int()
0x0044CA00,nullsub_237,0,IDA 9.4 guess_type int()
0x0044CA30,nullsub_238,0,IDA 9.4 guess_type int()
0x0044CA60,nullsub_239,0,IDA 9.4 guess_type int()
0x0044CAC0,nullsub_240,0,IDA 9.4 guess_type int()
0x0044CAF0,nullsub_241,0,IDA 9.4 guess_type int()
0x0044CB00,nullsub_242,0,IDA 9.4 guess_type int()
0x0044CB10,nullsub_243,0,IDA 9.4 guess_type int()
0x0044CB20,nullsub_244,0,IDA 9.4 guess_type int()
0x0044CB40,sub_44cb40,1,IDA 9.4 guess_type int __cdecl(int)
0x00471160,mapwin_nullsub1,2,"IDA 9.4 guess_type int __stdcall(int, int)"
0x00471170,mapwin_nullsub2,2,"IDA 9.4 guess_type int __stdcall(int, int)"
0x00471180,mapwin_nullsub3,2,"IDA 9.4 guess_type int __stdcall(int, int)"
0x00471190,mapwin_nullsub4,2,"IDA 9.4 guess_type int __stdcall(int, int)"
0x004712D0,mapwin_unk1,9,"IDA 9.4 guess_type int __cdecl(int, int, int, int, int, int Value, int, int, int)"
0x0048D550,sub_48d550,0,IDA 9.4 guess_type int()
0x0048D560,sub_48d560,0,IDA 9.4 guess_type int()
0x0048D570,sub_48d570,0,IDA 9.4 guess_type int()
0x0048D590,sub_48d590,0,IDA 9.4 guess_type int()
0x0048D5B0,sub_48d5b0,0,IDA 9.4 guess_type int()
0x0048D5D0,sub_48d5d0,0,IDA 9.4 guess_type int()
0x0048D5F0,sub_48d5f0,0,IDA 9.4 guess_type int()
0x0048D610,sub_48d610,0,IDA 9.4 guess_type int()
0x0048D630,sub_48d630,0,IDA 9.4 guess_type int()
0x0048D650,sub_48d650,0,IDA 9.4 guess_type int()
0x0048D670,sub_48d670,0,IDA 9.4 guess_type int()
0x0048D690,sub_48d690,0,IDA 9.4 guess_type int()
0x0048D6B0,sub_48d6b0,0,IDA 9.4 guess_type int()
0x0048D6D0,sub_48d6d0,0,IDA 9.4 guess_type int()
0x0048D6F0,sub_48d6f0,0,IDA 9.4 guess_type int()
0x0048D710,sub_48d710,0,IDA 9.4 guess_type int()
0x0048D730,sub_48d730,0,IDA 9.4 guess_type int()
0x0048D750,sub_48d750,0,IDA 9.4 guess_type int()
0x0048D760,sub_48d760,0,IDA 9.4 guess_type int()
0x0048D770,sub_48d770,0,IDA 9.4 guess_type int()
0x0048D790,sub_48d790,0,IDA 9.4 guess_type int()
0x0048D7B0,sub_48d7b0,0,IDA 9.4 guess_type int()
0x0048D7D0,sub_48d7d0,0,IDA 9.4 guess_type int()
0x0048D7F0,sub_48d7f0,0,IDA 9.4 guess_type int()
0x0048D810,sub_48d810,0,IDA 9.4 guess_type int()
0x0048D820,sub_48d820,0,IDA 9.4 guess_type int()
0x004C1D00,vehdraw_nullsub1,0,IDA 9.4 guess_type int()
0x004C38A0,vehdraw_nullsub2,0,IDA 9.4 guess_type int()
0x004C5BF0,sub_4c5bf0,1,IDA 9.4 guess_type int __stdcall(int)
0x004C72A0,sub_4c72a0,1,IDA 9.4 guess_type int __thiscall(void *)
0x004C75A0,sub_4c75a0,0,IDA 9.4 guess_type int()
0x004C75B0,sub_4c75b0,0,IDA 9.4 guess_type int()
0x004C7CC0,sub_4c7cc0,1,IDA 9.4 guess_type int __stdcall(int)
0x004C7F70,sub_4c7f70,2,"IDA 9.4 guess_type int __stdcall(int, int)"
0x004C7FA0,sub_4c7fa0,1,IDA 9.4 guess_type int __stdcall(int)
0x004C7FC0,sub_4c7fc0,2,"IDA 9.4 guess_type int __stdcall(int, int)"
0x004C7FF0,sub_4c7ff0,2,"IDA 9.4 guess_type int __stdcall(int, int)"
0x004C8020,sub_4c8020,1,IDA 9.4 guess_type int __stdcall(int)
0x004C8070,sub_4c8070,0,IDA 9.4 guess_type int()
0x004C8090,sub_4c8090,0,IDA 9.4 guess_type int()
0x004C8100,sub_4c8100,0,IDA 9.4 guess_type int()
0x004C8140,nullsub_223,0,IDA 9.4 guess_type int()
0x004C8290,sub_4c8290,1,IDA 9.4 guess_type int __stdcall(char *Source)
0x004C8620,sub_4c8620,0,IDA 9.4 guess_type int()
0x004C86D0,sub_4c86d0,0,IDA 9.4 guess_type int()
0x004C87B0,sub_4c87b0,4,"IDA 9.4 guess_type int __stdcall(int, int, int, int)"
0x004C8840,sub_4c8840,0,IDA 9.4 guess_type int()
0x004C8890,sub_4c8890,1,IDA 9.4 guess_type int __stdcall(int)
0x004C88B0,sub_4c88b0,0,IDA 9.4 guess_type int()
0x004C88C0,sub_4c88c0,1,IDA 9.4 guess_type int __stdcall(int)
0x004C88E0,sub_4c88e0,1,IDA 9.4 guess_type int __stdcall(int)
0x004C8910,sub_4c8910,0,IDA 9.4 guess_type int()
0x004C8930,sub_4c8930,0,IDA 9.4 guess_type int()
0x004C8950,sub_4c8950,0,IDA 9.4 guess_type int()
0x004C9080,sub_4c9080,2,"IDA 9.4 guess_type int __cdecl(char *Source, char *)"
0x004C9390,sub_4c9390,0,IDA 9.4 guess_type int()
0x004C93E0,sub_4c93e0,1,IDA 9.4 guess_type int __stdcall(int)
0x004E2400,sub_4e2400,0,IDA 9.4 guess_type int()
0x004E2450,sub_4e2450,0,IDA 9.4 guess_type int()
0x004E2460,sub_4e2460,0,IDA 9.4 guess_type int()
0x004E32C0,nullsub_164,2,"IDA 9.4 guess_type int __stdcall(int, int)"
0x004E32D0,nullsub_165,0,IDA 9.4 guess_type int()
0x004E32E0,nullsub_166,0,IDA 9.4 guess_type int()
0x004E32F0,nullsub_20,2,"IDA 9.4 guess_type int __stdcall(int, int)"
0x004E3300,sub_4e3300,1,IDA 9.4 guess_type int __stdcall(char)
0x004E3350,sub_4e3350,0,IDA 9.4 guess_type int()
0x004E34B0,sub_4e34b0,0,IDA 9.4 guess_type int()
0x004E3660,sub_4e3660,0,IDA 9.4 guess_type int()
0x004E3730,sub_4e3730,0,IDA 9.4 guess_type int()
0x004E3890,sub_4e3890,1,IDA 9.4 guess_type int __stdcall(char)
0x004E3900,sub_4e3900,1,IDA 9.4 guess_type int __stdcall(char)
0x004E7DB0,sub_4e7db0,0,IDA 9.4 guess_type int()
0x004E9B60,nullsub_220,0,IDA 9.4 guess_type int()
0x0050B8F0,sub_50b8f0,1,IDA 9.4 guess_type int __cdecl(int)
0x0050B9C0,sub_50b9c0,2,"IDA 9.4 guess_type int __cdecl(int, char *Str)"
0x0050E9B0,sub_50e9b0,0,IDA 9.4 guess_type int()
0x0050E9F0,sub_50e9f0,0,IDA 9.4 guess_type void __cdecl()
0x0050F640,nullsub_185,1,IDA 9.4 guess_type int __stdcall(int)
0x00515760,nullsub_186,0,IDA 9.4 guess_type int()
0x0051D9D0,nullsub_187,0,IDA 9.4 guess_type int()
0x0051D9E0,nullsub_188,0,IDA 9.4 guess_type int()
0x0051DCC0,sub_51dcc0,2,"IDA 9.4 guess_type int __cdecl(int, int)"
0x0051DD00,sub_51dd00,0,IDA 9.4 guess_type int()
0x0051DF80,sub_51df80,0,IDA 9.4 guess_type int()
0x0051DFB0,sub_51dfb0,0,IDA 9.4 guess_type void __cdecl()
0x0051E530,sub_51e530,1,IDA 9.4 guess_type int __cdecl(int)
0x00524340,Demo::timer_callback,1,IDA 9.4 guess_type int __cdecl(int)
0x00524460,Demo__init,1,IDA 9.4 guess_type int __thiscall(int)
0x0052DB40,sub_52db40,0,IDA 9.4 guess_type int()
0x00559000,sub_559000,3,"IDA 9.4 guess_type int __stdcall(int, int, int)"
0x00559210,sub_559210,2,"IDA 9.4 guess_type int __cdecl(int, int)"
0x0057DF30,sub_57df30,2,"IDA 9.4 guess_type int __cdecl(int, int)"
0x00589550,j_GraphicWin::close,0,IDA 9.4 guess_type int()
0x00589760,sub_589760,2,"IDA 9.4 guess_type int __stdcall(int, int)"
0x00589870,sub_589870,0,IDA 9.4 guess_type int()
0x00589890,sub_589890,0,IDA 9.4 guess_type void __cdecl()
0x00590500,sub_590500,0,IDA 9.4 guess_type int()
0x00590D60,sub_590d60,0,IDA 9.4 guess_type int()
0x005A58D0,timeGetTime,0,IDA 9.4 guess_type DWORD __stdcall()
0x005B5700,sub_5b5700,3,"IDA 9.4 guess_type int __cdecl(int, int, int)"
0x005C9EC0,sub_5c9ec0,0,IDA 9.4 guess_type int()
0x005CA310,sub_5ca310,0,IDA 9.4 guess_type int()
0x005CA6C0,sub_5ca6c0,0,IDA 9.4 guess_type int()
0x005CA970,sub_5ca970,0,IDA 9.4 guess_type int()
0x005CAAB0,sub_5caab0,1,IDA 9.4 guess_type void __cdecl(void *)
0x005CAE00,sub_5cae00,0,IDA 9.4 guess_type int()
0x005CB220,sub_5cb220,0,IDA 9.4 guess_type int()
0x005CB610,sub_5cb610,1,IDA 9.4 guess_type int __cdecl(int)
0x005CB660,sub_5cb660,1,IDA 9.4 guess_type int __cdecl(int)
0x005CB6C0,sub_5cb6c0,0,IDA 9.4 guess_type int()
0x005CBAE0,sub_5cbae0,0,IDA 9.4 guess_type int()
0x005CBBC0,sub_5cbbc0,0,IDA 9.4 guess_type int()
0x005CBC00,sub_5cbc00,8,"IDA 9.4 guess_type int __stdcall(int, int, int, int, int, int, int, int)"
0x005CBE30,sub_5cbe30,0,IDA 9.4 guess_type int()
0x005CC150,sub_5cc150,5,"IDA 9.4 guess_type int __stdcall(int, int, int, int, int)"
0x005CC2B0,sub_5cc2b0,0,IDA 9.4 guess_type int()
0x005CC430,sub_5cc430,0,IDA 9.4 guess_type int()
0x005CC450,sub_5cc450,0,IDA 9.4 guess_type int()
0x005CC710,sub_5cc710,0,IDA 9.4 guess_type int()
0x005CC860,sub_5cc860,3,"IDA 9.4 guess_type int __stdcall(int, int, int)"
0x005CC940,sub_5cc940,0,IDA 9.4 guess_type int()
0x005CD2D0,sub_5cd2d0,2,"IDA 9.4 guess_type int __cdecl(int, int)"
0x005CD3B0,sub_5cd3b0,8,"IDA 9.4 guess_type int __cdecl(char, char, char, char, int, int, int, int)"
0x005CD560,sub_5cd560,8,"IDA 9.4 guess_type int __cdecl(char, char, char, char, int, int, int, int)"
0x005CD750,sub_5cd750,0,IDA 9.4 guess_type int()
0x005CD8D0,sub_5cd8d0,3,"IDA 9.4 guess_type int __stdcall(int, int, int)"
0x005CD980,sub_5cd980,3,"IDA 9.4 guess_type int __stdcall(int, int, int)"
0x005CDA30,sub_5cda30,3,"IDA 9.4 guess_type int __stdcall(int, int, int)"
0x005CDAD0,sub_5cdad0,3,"IDA 9.4 guess_type int __stdcall(int, int, int)"
0x005CDB90,sub_5cdb90,6,"IDA 9.4 guess_type int __cdecl(int, int, int, int, int, int)"
0x005CDD10,sub_5cdd10,8,"IDA 9.4 guess_type int __cdecl(int, int, int, int, int, int, int, int)"
0x005CDFA0,sub_5cdfa0,1,IDA 9.4 guess_type void __cdecl(void *)
0x005CE2B0,sub_5ce2b0,1,IDA 9.4 guess_type int __thiscall(void *ArgList)
0x005CE2F0,sub_5ce2f0,0,IDA 9.4 guess_type int()
0x005CE340,sub_5ce340,0,IDA 9.4 guess_type int()
0x005CE450,sub_5ce450,0,IDA 9.4 guess_type int()
0x005CE4B0,sub_5ce4b0,0,IDA 9.4 guess_type int()
0x005CE620,sub_5ce620,0,IDA 9.4 guess_type int()
0x005CE6E3,sub_5ce6e3,5,"IDA 9.4 guess_type int __cdecl(int, int, int, int, int)"
0x005CE85C,sub_5ce85c,0,IDA 9.4 guess_type int()
0x005CEA09,sub_5cea09,4,"IDA 9.4 guess_type int __cdecl(int, int, int, int)"
0x005CEB12,sub_5ceb12,0,IDA 9.4 guess_type int()
0x005CED1D,sub_5ced1d,0,IDA 9.4 guess_type int()
0x005CEE80,sub_5cee80,0,IDA 9.4 guess_type int()
0x005CEF8A,sub_5cef8a,2,"IDA 9.4 guess_type int __cdecl(int, int)"
0x005CF120,sub_5cf120,0,IDA 9.4 guess_type int()
0x005CF150,sub_5cf150,0,IDA 9.4 guess_type int()
0x005CF5C7,OutputPixelRow,0,IDA 9.4 guess_type int()
0x005CF852,OutputPixelRow16,0,IDA 9.4 guess_type int()
0x005CFAED,sub_5cfaed,3,"IDA 9.4 guess_type int __cdecl(int, int, int)"
0x005D02CC,sub_5d02cc,3,"IDA 9.4 guess_type int __cdecl(int, int, int)"
0x005D0D82,sub_5d0d82,0,IDA 9.4 guess_type int()
0x005D1278,sub_5d1278,3,"IDA 9.4 guess_type int __cdecl(int, int, int)"
0x005D1466,sub_5d1466,3,"IDA 9.4 guess_type int __cdecl(int, int, int)"
0x005D1654,sub_5d1654,3,"IDA 9.4 guess_type int __cdecl(int, int, int)"
0x005D1842,sub_5d1842,3,"IDA 9.4 guess_type int __cdecl(int, int, int)"
0x005D1A30,sub_5d1a30,3,"IDA 9.4 guess_type int __cdecl(int, int, int)"
0x005D1B88,sub_5d1b88,0,IDA 9.4 guess_type int()
0x005D2037,sub_5d2037,0,IDA 9.4 guess_type int()
0x005D2536,sub_5d2536,0,IDA 9.4 guess_type int()
0x005D271D,sub_5d271d,3,"IDA 9.4 guess_type int __cdecl(int, int, int)"
0x005D2761,sub_5d2761,3,"IDA 9.4 guess_type int __cdecl(int, int, int)"
0x005D2834,sub_5d2834,3,"IDA 9.4 guess_type int __cdecl(int, int, int)"
0x005D2901,sub_5d2901,4,"IDA 9.4 guess_type int __cdecl(int, int, int, int)"
0x005D29E1,sub_5d29e1,0,IDA 9.4 guess_type int()
0x005D2B20,sub_5d2b20,3,"IDA 9.4 guess_type int __cdecl(int, double, double)"
0x005D2C0A,sub_5d2c0a,0,IDA 9.4 guess_type int()
0x005D2D20,sub_5d2d20,3,"IDA 9.4 guess_type int __stdcall(int, int, char)"
0x005D2E00,sub_5d2e00,3,"IDA 9.4 guess_type int __stdcall(int, int, char)"
0x005D2E70,sub_5d2e70,1,IDA 9.4 guess_type int __stdcall(int)
0x005D35B0,sub_5d35b0,3,"IDA 9.4 guess_type int __stdcall(int, int, int)"
0x005D3980,sub_5d3980,0,IDA 9.4 guess_type int()
0x005D3DF0,sub_5d3df0,0,IDA 9.4 guess_type int()
0x005D3F50,sub_5d3f50,0,IDA 9.4 guess_type int()
0x005D4020,sub_5d4020,2,"IDA 9.4 guess_type int __stdcall(int, int)"
0x005D427C,sub_5d427c,3,"IDA 9.4 guess_type int __cdecl(int, int, int)"
0x005D439F,sub_5d439f,4,"IDA 9.4 guess_type int __cdecl(int, int, int, int)"
0x005D4448,sub_5d4448,9,"IDA 9.4 guess_type int __cdecl(int, int, int, int, int, int, int, int, int)"
0x005D4540,Heap::Heap2,0,IDA 9.4 guess_type int()
0x005D47D0,sub_5d47d0,1,IDA 9.4 guess_type int __stdcall(int)
0x005D4860,sub_5d4860,1,IDA 9.4 guess_type int __stdcall(int)
0x005D4890,sub_5d4890,1,IDA 9.4 guess_type int __stdcall(int)
0x005D4990,sub_5d4990,1,IDA 9.4 guess_type int __stdcall(int)
0x005D49D0,sub_5d49d0,0,IDA 9.4 guess_type int()
0x005D4BB0,sub_5d4bb0,2,"IDA 9.4 guess_type int __stdcall(int, int)"
0x005D4C50,sub_5d4c50,1,IDA 9.4 guess_type int __stdcall(int)
0x005D4CC0,sub_5d4cc0,1,IDA 9.4 guess_type int __stdcall(int)
0x005D5240,nullsub_224,0,IDA 9.4 guess_type int()
0x005D5C50,PrevWndFunc,4,"IDA 9.4 guess_type LRESULT __stdcall(HWND, UINT, WPARAM, LPARAM)"
0x005D68C0,sub_5d68c0,1,IDA 9.4 guess_type int __stdcall(int)
0x005D7170,sub_5d7170,0,IDA 9.4 guess_type int()
0x005D71A0,sub_5d71a0,0,IDA 9.4 guess_type void __cdecl()
0x005D7A10,sub_5d7a10,4,"IDA 9.4 guess_type int __stdcall(int, int, int, int)"
0x005D7A30,sub_5d7a30,4,"IDA 9.4 guess_type int __stdcall(char *Source, int, int, int)"
0x005D7AE0,sub_5d7ae0,4,"IDA 9.4 guess_type int __stdcall(int, int, int, int)"
0x005D7F20,sub_5d7f20,4,"IDA 9.4 guess_type int __stdcall(char *Str, int, int, int)"
0x005D8360,sub_5d8360,0,IDA 9.4 guess_type int()
0x005D8650,sub_5d8650,5,"IDA 9.4 guess_type int __stdcall(int, int, int, int, int)"
0x005D8740,sub_5d8740,7,"IDA 9.4 guess_type int __stdcall(int, int, int, int, int, int, int)"
0x005D8FE0,sub_5d8fe0,5,"IDA 9.4 guess_type int __stdcall(int, int, int, int, int)"
0x005D90D0,sub_5d90d0,7,"IDA 9.4 guess_type int __stdcall(int, int, int, int, int, int, int)"
0x005D91D0,sub_5d91d0,5,"IDA 9.4 guess_type int __stdcall(int, int, int, int, int)"
0x005D92C0,sub_5d92c0,7,"IDA 9.4 guess_type int __stdcall(int, int, int, int, int, int, int)"
0x005D98F0,sub_5d98f0,3,"IDA 9.4 guess_type int __stdcall(int, HDC hdcSrc, HDC hdcDest)"
0x005D9FB0,sub_5d9fb0,3,"IDA 9.4 guess_type int __stdcall(int xSrc, RECT *lprcSrc1, int)"
0x005DA6A0,sub_5da6a0,3,"IDA 9.4 guess_type int __stdcall(int, int, int)"
0x005DA6B0,sub_5da6b0,4,"IDA 9.4 guess_type int __stdcall(int, int, int, int)"
0x005DB400,sub_5db400,3,"IDA 9.4 guess_type int __stdcall(int, char *Str, char)"
0x005DEA20,sub_5dea20,2,"IDA 9.4 guess_type int __cdecl(int, int)"
0x005E07A0,sub_5e07a0,5,"IDA 9.4 guess_type int __stdcall(int, int, int, int, char)"
0x005E2460,sub_5e2460,5,"IDA 9.4 guess_type int __stdcall(int, int, int, int, int)"
0x005E2470,sub_5e2470,5,"IDA 9.4 guess_type int __stdcall(int, int, int, int, int)"
0x005E35D0,sub_5e35d0,1,IDA 9.4 guess_type void __thiscall(void *)
0x005E35F0,sub_5e35f0,1,IDA 9.4 guess_type void __thiscall(void *)
0x005E3630,sub_5e3630,0,IDA 9.4 guess_type int()
0x005E3650,sub_5e3650,0,IDA 9.4 guess_type int()
0x005E3660,sub_5e3660,1,IDA 9.4 guess_type int __stdcall(int)
0x005EB390,sub_5eb390,0,IDA 9.4 guess_type int()
0x005EB3B0,sub_5eb3b0,0,IDA 9.4 guess_type void __cdecl()
0x005ED360,sub_5ed360,3,"IDA 9.4 guess_type int __cdecl(int, int, int)"
0x005ED490,sub_5ed490,3,"IDA 9.4 guess_type int __cdecl(int, int, int)"
0x005ED700,sub_5ed700,0,IDA 9.4 guess_type int()
0x005EF310,sub_5ef310,7,"IDA 9.4 guess_type int __stdcall(int x, int y, int, int, HGDIOBJ h, HGDIOBJ, int)"
0x005EF640,sub_5ef640,4,"IDA 9.4 guess_type int __stdcall(int y, HGDIOBJ h, HGDIOBJ, int)"
0x005EF950,sub_5ef950,8,"IDA 9.4 guess_type int __stdcall(int, int, int, int, int, int, int, int)"
0x005EFBA0,sub_5efba0,6,"IDA 9.4 guess_type int __stdcall(int, int, int, int, int, int)"
0x005EFD00,sub_5efd00,0,IDA 9.4 guess_type int()
0x005F05C0,sub_5f05c0,1,IDA 9.4 guess_type int __stdcall(int)
0x005F13B0,sub_5f13b0,1,IDA 9.4 guess_type int __cdecl(HWND hWnd)
0x005F1750,sub_5f1750,1,IDA 9.4 guess_type int __cdecl(int)
0x005F37C0,sub_5f37c0,3,"IDA 9.4 guess_type int __stdcall(int, int, int)"
0x005F3B80,sub_5f3b80,3,"IDA 9.4 guess_type int __stdcall(int, RECT *lprc, int)"
0x005F4D90,sub_5f4d90,1,IDA 9.4 guess_type int __stdcall(int)
0x005F5FB0,sub_5f5fb0,2,"IDA 9.4 guess_type int __stdcall(char, int)"
0x005F62D0,sub_5f62d0,5,"IDA 9.4 guess_type int __stdcall(int, __int16, int, int, int)"
0x005F8670,sub_5f8670,3,"IDA 9.4 guess_type int __cdecl(int, int, int)"
0x005F86A0,sub_5f86a0,1,IDA 9.4 guess_type int __stdcall(int)
0x005F86C0,sub_5f86c0,5,"IDA 9.4 guess_type int __cdecl(int, int, int, int, int)"
0x005F8770,sub_5f8770,2,"IDA 9.4 guess_type int __thiscall(void *Block, char)"
0x005FC9E0,sub_5fc9e0,0,IDA 9.4 guess_type int()
0x005FCCF0,sub_5fccf0,0,IDA 9.4 guess_type int()
0x005FCD40,sub_5fcd40,0,IDA 9.4 guess_type int()
0x005FCDA0,sub_5fcda0,0,IDA 9.4 guess_type int()
0x005FCDF0,sub_5fcdf0,0,IDA 9.4 guess_type int()
0x005FCEC0,sub_5fcec0,0,IDA 9.4 guess_type int()
0x005FD280,nullsub_192,0,IDA 9.4 guess_type int()
0x005FD290,nullsub_193,0,IDA 9.4 guess_type int()
0x005FD2A0,nullsub_194,0,IDA 9.4 guess_type int()
0x005FD2C0,sub_5fd2c0,0,IDA 9.4 guess_type int()
0x005FD310,sub_5fd310,0,IDA 9.4 guess_type int()
0x005FFEC0,sub_5ffec0,4,"IDA 9.4 guess_type int __stdcall(HWND hWnd, UINT Msg, WPARAM wParam, LPARAM lParam)"
0x006051C0,sub_6051c0,0,IDA 9.4 guess_type int()
0x00606F00,sub_606f00,3,"IDA 9.4 guess_type int __cdecl(int, int, int)"
0x0060CE40,sub_60ce40,1,IDA 9.4 guess_type int __stdcall(int)
0x0060CED0,sub_60ced0,0,IDA 9.4 guess_type int()
0x0060CF10,sub_60cf10,1,IDA 9.4 guess_type int __stdcall(int)
0x0060D010,sub_60d010,1,IDA 9.4 guess_type int __stdcall(int)
0x0060D030,sub_60d030,1,IDA 9.4 guess_type int __stdcall(char)
0x0060FD80,sub_60fd80,1,IDA 9.4 guess_type int __stdcall(int)
0x0060FEB0,sub_60feb0,1,IDA 9.4 guess_type int __stdcall(int)
0x0060FED0,sub_60fed0,1,IDA 9.4 guess_type int __stdcall(int)
0x006116E0,sub_6116e0,1,IDA 9.4 guess_type int __stdcall(char)
0x00611730,sub_611730,0,IDA 9.4 guess_type int()
0x006117D0,sub_6117d0,1,IDA 9.4 guess_type int __stdcall(int)
0x006118F0,sub_6118f0,1,IDA 9.4 guess_type int __stdcall(int)
0x00611910,sub_611910,1,IDA 9.4 guess_type int __stdcall(char)
0x00612700,sub_612700,1,IDA 9.4 guess_type int __stdcall(int)
0x006127E0,sub_6127e0,1,IDA 9.4 guess_type int __stdcall(int)
0x00612800,sub_612800,1,IDA 9.4 guess_type int __stdcall(char)
0x00616B20,sub_616b20,0,IDA 9.4 guess_type int()
0x00616B30,sub_616b30,2,"IDA 9.4 guess_type int __stdcall(int, int)"
0x00616C80,sub_616c80,2,"IDA 9.4 guess_type int __stdcall(int, int)"
0x00616D80,sub_616d80,3,"IDA 9.4 guess_type int __stdcall(int, int, int)"
0x00616D90,nullsub_195,0,IDA 9.4 guess_type int()
0x0061AC60,Texture::draw,6,"IDA 9.4 guess_type int __stdcall(int, int, int, int, int, int)"
0x0061C630,sub_61c630,6,"IDA 9.4 guess_type int __stdcall(int, int, int, int, int, int)"
0x0061DF60,sub_61df60,9,"IDA 9.4 guess_type int __stdcall(int, int, int, int, int, int, int, int, int)"
0x00620100,sub_620100,2,"IDA 9.4 guess_type int __cdecl(int, int)"
0x00620A10,sub_620a10,5,"IDA 9.4 guess_type int __stdcall(int, int, int, int, int)"
0x006212B0,sub_6212b0,6,"IDA 9.4 guess_type int __stdcall(int, int, int, int, int, int)"
0x00621870,sub_621870,6,"IDA 9.4 guess_type int __stdcall(int, int, int, int, int, int)"
0x00622200,sub_622200,8,"IDA 9.4 guess_type int __stdcall(int, int, int, int, int, int, int, int)"
0x00622810,sub_622810,7,"IDA 9.4 guess_type int __stdcall(int, int, int, int, int, int, int)"
0x00622DB0,Texture::draw_trans_3,6,"IDA 9.4 guess_type int __stdcall(int, int, int, int, int, int)"
0x006239E0,Texture::draw_upper_threshold_trans2,5,"IDA 9.4 guess_type int __stdcall(int, int, int, int, int)"
0x00624670,Texture::draw2,7,"IDA 9.4 guess_type int __stdcall(int, int, int, int, int, int, int)"
0x00624EB0,sub_624eb0,3,"IDA 9.4 guess_type int __cdecl(int, int, int)"
0x00625080,sub_625080,3,"IDA 9.4 guess_type int __cdecl(int, int, int)"
0x00626470,sub_626470,2,"IDA 9.4 guess_type int __cdecl(int, int)"
0x00626900,sub_626900,2,"IDA 9.4 guess_type int __cdecl(int, int)"
0x00627110,sub_627110,2,"IDA 9.4 guess_type int __cdecl(int, int)"
0x00627D00,sub_627d00,2,"IDA 9.4 guess_type int __cdecl(int, int)"
0x00627E20,sub_627e20,3,"IDA 9.4 guess_type int __cdecl(int, int, int)"
0x00627F50,sub_627f50,2,"IDA 9.4 guess_type int __cdecl(int, int)"
0x006280E0,sub_6280e0,3,"IDA 9.4 guess_type int __cdecl(int, int, int)"
0x00628150,sub_628150,3,"IDA 9.4 guess_type int __cdecl(int, int, int)"
0x00628180,sub_628180,3,"IDA 9.4 guess_type int __cdecl(int, int, int)"
0x006281B0,sub_6281b0,3,"IDA 9.4 guess_type int __cdecl(int, float, int)"
0x006281E0,sub_6281e0,1,IDA 9.4 guess_type int __cdecl(int)
0x00628220,sub_628220,2,"IDA 9.4 guess_type int __cdecl(int, int)"
0x00628290,sub_628290,3,"IDA 9.4 guess_type int __cdecl(int, int, int)"
0x006282E0,sub_6282e0,3,"IDA 9.4 guess_type int __cdecl(int, float, int)"
0x00628F30,sub_628f30,0,IDA 9.4 guess_type int()
0x0062C860,Callback,4,"IDA 9.4 guess_type BOOL __stdcall(GUID *, LPSTR, LPSTR, LPVOID)"
0x0062C8E0,sub_62c8e0,0,IDA 9.4 guess_type int()
0x0062CD10,sub_62cd10,2,"IDA 9.4 guess_type int __stdcall(int, int)"
0x0062CD50,sub_62cd50,1,IDA 9.4 guess_type int __cdecl(int)
0x0062D100,sub_62d100,0,IDA 9.4 guess_type int()
0x0062D140,sub_62d140,0,IDA 9.4 guess_type int()
0x0062D150,nullsub_253,0,IDA 9.4 guess_type int()
0x0062D1E0,sub_62d1e0,1,IDA 9.4 guess_type int __cdecl(RECT *lprcSrc2)
0x0062D2C0,sub_62d2c0,0,IDA 9.4 guess_type int()
0x0062D390,sub_62d390,0,IDA 9.4 guess_type int()
0x0062D5F0,sub_62d5f0,0,IDA 9.4 guess_type int()
0x0062EE20,sub_62ee20,5,"IDA 9.4 guess_type int __stdcall(int, int, int, int, int)"
0x0062EE80,nullsub_261,0,IDA 9.4 guess_type int()
0x0062EE90,nullsub_262,0,IDA 9.4 guess_type int()
0x0062F390,sub_62f390,5,"IDA 9.4 guess_type int __stdcall(void *Src, size_t Size, int, int, int)"
0x00630A80,sub_630a80,2,"IDA 9.4 guess_type int __stdcall(int, int)"
0x00630B00,sub_630b00,2,"IDA 9.4 guess_type int __stdcall(int, int)"
0x00630B80,sub_630b80,1,IDA 9.4 guess_type int __stdcall(int)
0x00630C30,sub_630c30,4,"IDA 9.4 guess_type int __stdcall(int, int, int, int)"
0x00630D70,sub_630d70,0,IDA 9.4 guess_type int()
0x00631050,sub_631050,0,IDA 9.4 guess_type int()
0x00631A10,nullsub_256,0,IDA 9.4 guess_type int()
0x00631BA0,sub_631ba0,1,IDA 9.4 guess_type int __stdcall(int)
0x00632290,sub_632290,1,IDA 9.4 guess_type int __stdcall(int)
0x00632740,sub_632740,1,IDA 9.4 guess_type void __cdecl(void *)
0x00632CC0,sub_632cc0,3,"IDA 9.4 guess_type int __stdcall(char *Source, int, char)"
0x00633010,sub_633010,0,IDA 9.4 guess_type int()
0x00633160,sub_633160,2,"IDA 9.4 guess_type int __thiscall(void *Block, char)"
0x00633180,sub_633180,1,IDA 9.4 guess_type int __stdcall(int)
0x006336D0,sub_6336d0,2,"IDA 9.4 guess_type int __thiscall(void *Block, char)"
0x00633720,j_VoiceRx__VoiceRx_dt,0,IDA 9.4 guess_type int()
0x00633730,sub_633730,1,IDA 9.4 guess_type int __stdcall(int)
0x00633740,sub_633740,1,IDA 9.4 guess_type int __stdcall(char)
0x00633BA0,sub_633ba0,5,"IDA 9.4 guess_type int __stdcall(void *Src, size_t Size, int, int, int)"
0x00633C90,sub_633c90,4,"IDA 9.4 guess_type int __stdcall(void *, int, int, int)"
0x00633E80,sub_633e80,4,"IDA 9.4 guess_type int __stdcall(void *, int, int, int)"
0x006340C0,sub_6340c0,4,"IDA 9.4 guess_type int __stdcall(void *, int, int, int)"
0x00634200,sub_634200,4,"IDA 9.4 guess_type int __stdcall(void *, int, int, int)"
0x00634280,sub_634280,4,"IDA 9.4 guess_type int __cdecl(int, int, int, int)"
0x00634330,sub_634330,4,"IDA 9.4 guess_type int __cdecl(int, int, int, int)"
0x006343E0,sub_6343e0,2,"IDA 9.4 guess_type int __stdcall(int, int)"
0x00634520,sub_634520,1,IDA 9.4 guess_type int __stdcall(int)
0x006345E0,sub_6345e0,2,"IDA 9.4 guess_type int __stdcall(int, int)"
0x006346C0,sub_6346c0,0,IDA 9.4 guess_type int()
0x006346F0,sub_6346f0,0,IDA 9.4 guess_type int()
0x00634720,sub_634720,2,"IDA 9.4 guess_type int __stdcall(int, int)"
0x006347C0,sub_6347c0,1,IDA 9.4 guess_type int __stdcall(int)
0x006347F0,sub_6347f0,1,IDA 9.4 guess_type int __stdcall(int)
0x006348F0,sub_6348f0,1,IDA 9.4 guess_type int __stdcall(int)
0x00634920,sub_634920,1,IDA 9.4 guess_type int __stdcall(int)
0x00634980,sub_634980,2,"IDA 9.4 guess_type int __stdcall(int, int)"
0x00634A50,sub_634a50,2,"IDA 9.4 guess_type int __stdcall(int, int)"
0x00634AD0,sub_634ad0,2,"IDA 9.4 guess_type int __stdcall(int, float)"
0x00634B70,sub_634b70,0,IDA 9.4 guess_type int()
0x00635410,sub_635410,0,IDA 9.4 guess_type int()
0x00635450,sub_635450,0,IDA 9.4 guess_type void __cdecl()
0x006354D0,sub_6354d0,0,IDA 9.4 guess_type int()
0x00635510,sub_635510,4,"IDA 9.4 guess_type int __stdcall(int, int, int, int)"
0x00635750,sub_635750,0,IDA 9.4 guess_type int()
0x006357D0,sub_6357d0,0,IDA 9.4 guess_type int()
0x00635870,sub_635870,1,IDA 9.4 guess_type int __stdcall(int)
0x006363F0,sub_6363f0,0,IDA 9.4 guess_type int()
0x006365B0,Video_unk1,0,IDA 9.4 guess_type int()
0x00636740,Video_unk2,0,IDA 9.4 guess_type int()
0x00636850,Video_unk3,4,"IDA 9.4 guess_type int __stdcall(int, int, int, int)"
0x006368D0,Video_unk4,4,"IDA 9.4 guess_type int __stdcall(int, int, int, int)"
0x00636960,Video_unk5,2,"IDA 9.4 guess_type int __stdcall(LPSTR pszFileName, int)"
0x00637190,Video_unk7,2,"IDA 9.4 guess_type int __stdcall(int, int)"
0x006371D0,Video_unk10,1,IDA 9.4 guess_type int __stdcall(int)
0x00637310,Video_unk12,2,"IDA 9.4 guess_type int __stdcall(int, int)"
0x00637530,Video_unk13,0,IDA 9.4 guess_type int()
0x00638090,Video_unk14,1,IDA 9.4 guess_type int __stdcall(int)
0x00638130,Video_unk15,1,IDA 9.4 guess_type int __stdcall(int)
0x006381E0,Video_unk16,0,IDA 9.4 guess_type int()
0x006381F0,sub_6381f0,1,IDA 9.4 guess_type int __cdecl(int)
0x00638430,sub_638430,1,IDA 9.4 guess_type int __cdecl(int)
0x006385D0,sub_6385d0,2,"IDA 9.4 guess_type int __cdecl(int, float)"
0x00638620,sub_638620,2,"IDA 9.4 guess_type int __cdecl(int, int)"
0x00638650,sub_638650,3,"IDA 9.4 guess_type int __cdecl(int, int, int)"
0x006386B0,sub_6386b0,2,"IDA 9.4 guess_type int __cdecl(int, int)"
0x006386D0,sub_6386d0,3,"IDA 9.4 guess_type int __cdecl(int, int, int)"
0x00638720,sub_638720,3,"IDA 9.4 guess_type int __cdecl(int, int, int)"
0x006388C0,sub_6388c0,3,"IDA 9.4 guess_type int __cdecl(int, int, int)"
0x00638AD0,sub_638ad0,4,"IDA 9.4 guess_type int __cdecl(int, int, int, int)"
0x00638CC0,sub_638cc0,3,"IDA 9.4 guess_type int __cdecl(int, int, int)"
0x00638DE0,sub_638de0,4,"IDA 9.4 guess_type int __cdecl(int, int, int, int)"
0x00638F30,sub_638f30,4,"IDA 9.4 guess_type int __cdecl(int, int, int, int)"
0x00639090,sub_639090,3,"IDA 9.4 guess_type int __cdecl(int, int, int)"
0x006391F0,sub_6391f0,2,"IDA 9.4 guess_type int __cdecl(int, int)"
0x006392E0,sub_6392e0,1,IDA 9.4 guess_type int __cdecl(int)
0x00639380,nullsub_16,0,IDA 9.4 guess_type int()
0x00639390,sub_639390,1,IDA 9.4 guess_type int __cdecl(int)
0x006393C0,sub_6393c0,5,"IDA 9.4 guess_type int __cdecl(int, int, int, int, char)"
0x00639630,sub_639630,1,IDA 9.4 guess_type int __cdecl(int)
0x006396A0,sub_6396a0,6,"IDA 9.4 guess_type int __cdecl(int, int, int, int, int, int)"
0x00639E60,sub_639e60,4,"IDA 9.4 guess_type int __cdecl(int, int, int, int)"
0x0063A280,sub_63a280,4,"IDA 9.4 guess_type int __cdecl(int, int, int, int)"
0x0063A6F0,sub_63a6f0,4,"IDA 9.4 guess_type int __cdecl(int, int, int, int)"
0x0063A9D0,sub_63a9d0,6,"IDA 9.4 guess_type int __cdecl(int, int, int, int, int, int)"
0x0063AD60,sub_63ad60,1,IDA 9.4 guess_type int __cdecl(int)
0x0063AE20,sub_63ae20,1,IDA 9.4 guess_type int __cdecl(int)
0x0063AEE0,sub_63aee0,0,IDA 9.4 guess_type int()
0x0063AF00,sub_63af00,0,IDA 9.4 guess_type int()
0x0063AF20,sub_63af20,0,IDA 9.4 guess_type int()
0x0063AF40,sub_63af40,0,IDA 9.4 guess_type int()
0x0063AF60,sub_63af60,3,"IDA 9.4 guess_type int __cdecl(int, __int16, int)"
0x0063B072,sub_63b072,10,"IDA 9.4 guess_type int __cdecl(int, int, int, int, int, int, int, int, int, __int16)"
0x0063B11C,sub_63b11c,11,"IDA 9.4 guess_type int __cdecl(int, int, int, int, int, int, int, int, int, int, int)"
0x0063B1BF,sub_63b1bf,10,"IDA 9.4 guess_type int __cdecl(int, int, int, int, int, int, int, int, int, char)"
0x0063B241,sub_63b241,11,"IDA 9.4 guess_type int __cdecl(int, int, int, int, int, int, int, int, int, int, int)"
0x0063BAE0,sub_63bae0,0,IDA 9.4 guess_type int()
0x0063BB00,sub_63bb00,0,IDA 9.4 guess_type void __cdecl()
0x0063BB20,sub_63bb20,0,IDA 9.4 guess_type int()
0x0063BD10,sub_63bd10,0,IDA 9.4 guess_type int()
0x0063BF10,sub_63bf10,7,"IDA 9.4 guess_type int __thiscall(int, int, int, int, int, int, int)"
0x0063C3A0,sub_63c3a0,1,IDA 9.4 guess_type int __stdcall(int)
0x0063C4E0,sub_63c4e0,1,IDA 9.4 guess_type int __cdecl(int)
0x0063C500,nullsub_175,1,IDA 9.4 guess_type int __stdcall(int)
0x0063C510,sub_63c510,0,IDA 9.4 guess_type int()
0x0063C7C0,sub_63c7c0,0,IDA 9.4 guess_type int()
0x0063C9C0,nullsub_266,0,IDA 9.4 guess_type int()
0x0063C9D0,sub_63c9d0,0,IDA 9.4 guess_type int()
0x0063CAA0,sub_63caa0,0,IDA 9.4 guess_type int()
0x0063CD50,sub_63cd50,0,IDA 9.4 guess_type int()
0x0063CE20,sub_63ce20,0,IDA 9.4 guess_type int()
0x0063CEF0,sub_63cef0,0,IDA 9.4 guess_type int()
0x0063CF00,deflateInit_,4,"IDA 9.4 guess_type int __cdecl(int, int, int, int)"
0x0063CF30,sub_63cf30,8,"IDA 9.4 guess_type int __cdecl(int, int, int, int, int, int, int, int)"
0x0063D120,sub_63d120,1,IDA 9.4 guess_type int __cdecl(int)
0x0063D1A0,sub_63d1a0,2,"IDA 9.4 guess_type int __cdecl(int, int)"
0x0063D420,sub_63d420,2,"IDA 9.4 guess_type int __cdecl(int, int)"
0x0063D450,sub_63d450,1,IDA 9.4 guess_type int __cdecl(int)
0x0063D4D0,sub_63d4d0,1,IDA 9.4 guess_type int __cdecl(int)
0x0063D560,sub_63d560,1,IDA 9.4 guess_type int __cdecl(int)
0x0063D600,sub_63d600,2,"IDA 9.4 guess_type int __cdecl(int, int)"
0x0063D6F0,sub_63d6f0,1,IDA 9.4 guess_type int __cdecl(int)
0x0063D820,sub_63d820,3,"IDA 9.4 guess_type int __cdecl(int, int, int)"
0x0063D8A0,sub_63d8a0,2,"IDA 9.4 guess_type int __cdecl(int, int)"
0x0063DAD0,sub_63dad0,2,"IDA 9.4 guess_type int __cdecl(int, int)"
0x0063DC40,sub_63dc40,2,"IDA 9.4 guess_type int __cdecl(int, int)"
0x0063DF40,sub_63df40,1,IDA 9.4 guess_type int __cdecl(int)
0x0063DF90,sub_63df90,1,IDA 9.4 guess_type int __cdecl(int)
0x0063DFE0,sub_63dfe0,4,"IDA 9.4 guess_type int __cdecl(int, int, int, int)"
0x0063E0F0,sub_63e0f0,3,"IDA 9.4 guess_type int __cdecl(int, int, int)"
0x0063E110,inflate,2,"IDA 9.4 guess_type int __cdecl(int, int)"
0x0063E520,sub_63e520,0,IDA 9.4 guess_type int()
0x0063E540,sub_63e540,1,IDA 9.4 guess_type int __stdcall(int)
0x0063E590,sub_63e590,0,IDA 9.4 guess_type int()
0x0063E6E0,sub_63e6e0,4,"IDA 9.4 guess_type int __stdcall(int, size_t Size, int, int)"
0x0063E7F0,sub_63e7f0,2,"IDA 9.4 guess_type int __stdcall(int, int)"
0x0063E820,sub_63e820,0,IDA 9.4 guess_type int()
0x0063E860,sub_63e860,0,IDA 9.4 guess_type int()
0x0063E950,sub_63e950,8,"IDA 9.4 guess_type int __cdecl(int, int, int, int, int, int, float, int)"
0x0063F000,sub_63f000,5,"IDA 9.4 guess_type int __cdecl(int, int, int, int, int)"
0x0063F5E0,sub_63f5e0,6,"IDA 9.4 guess_type int __cdecl(int, int, int, int, int, int)"
0x0063F9B0,sub_63f9b0,1,IDA 9.4 guess_type int __cdecl(int)
0x0063FA80,sub_63fa80,1,IDA 9.4 guess_type int __cdecl(int)
0x0063FCA0,sub_63fca0,4,"IDA 9.4 guess_type int __cdecl(int, int, float, int)"
0x0063FE00,sub_63fe00,1,IDA 9.4 guess_type int __cdecl(int)
0x0063FFE0,sub_63ffe0,1,IDA 9.4 guess_type int __cdecl(int)
0x006401B0,sub_6401b0,3,"IDA 9.4 guess_type int __cdecl(int, int, int)"
0x006404F0,sub_6404f0,0,IDA 9.4 guess_type int()
0x00640A50,sub_640a50,3,"IDA 9.4 guess_type int __cdecl(int, size_t Count, size_t Size)"
0x00640A70,sub_640a70,2,"IDA 9.4 guess_type int __cdecl(int, void *Block)"
0x00640A80,sub_640a80,3,"IDA 9.4 guess_type int __cdecl(int, int, int)"
0x00640BB0,sub_640bb0,1,IDA 9.4 guess_type int __cdecl(int)
0x00640C30,sub_640c30,0,IDA 9.4 guess_type int()
0x00640E50,sub_640e50,1,IDA 9.4 guess_type int __cdecl(int)
0x00640EC0,sub_640ec0,3,"IDA 9.4 guess_type int __cdecl(int, int, int)"
0x00640F40,sub_640f40,4,"IDA 9.4 guess_type int __cdecl(int, int, int, int)"
0x00641000,__tr_align,1,IDA 9.4 guess_type int __cdecl(int)
0x00641280,__tr_flush_block,4,"IDA 9.4 guess_type int __cdecl(int, int, int, int)"
0x006414B0,_build_tree,2,"IDA 9.4 guess_type int __cdecl(int, int)"
0x006416F0,sub_6416f0,3,"IDA 9.4 guess_type int __cdecl(int, int, int)"
0x006417D0,_gen_bitlen,2,"IDA 9.4 guess_type int __cdecl(int, int)"
0x00641A00,sub_641a00,1,IDA 9.4 guess_type int __cdecl(int)
0x00641A70,sub_641a70,3,"IDA 9.4 guess_type int __cdecl(int, int, int)"
0x00641B60,_send_all_trees,4,"IDA 9.4 guess_type int __cdecl(int, int, int, int)"
0x00641DD0,_send_tree,3,"IDA 9.4 guess_type int __cdecl(int, int, int)"
0x00642350,sub_642350,3,"IDA 9.4 guess_type int __cdecl(int, int, int)"
0x00642480,_compress_block,3,"IDA 9.4 guess_type int __cdecl(int, int, int)"
0x006428C0,sub_6428c0,1,IDA 9.4 guess_type int __cdecl(int)
0x00642940,sub_642940,2,"IDA 9.4 guess_type int __cdecl(int, int)"
0x00642960,sub_642960,1,IDA 9.4 guess_type int __cdecl(int)
0x006429F0,sub_6429f0,1,IDA 9.4 guess_type int __cdecl(int)
0x00642A70,sub_642a70,4,"IDA 9.4 guess_type int __cdecl(int, int, int, int)"
0x00642B10,sub_642b10,3,"IDA 9.4 guess_type int __cdecl(int, int, int)"
0x00642BB0,sub_642bb0,3,"IDA 9.4 guess_type int __cdecl(int, int, int)"
0x00642C20,_inflate_blocks,3,"IDA 9.4 guess_type int __cdecl(int, int, int)"
0x00643950,sub_643950,3,"IDA 9.4 guess_type int __cdecl(int, int, int)"
0x00643990,sub_643990,4,"IDA 9.4 guess_type int __cdecl(int, int, int, int)"
0x006439F0,_huft_build,8,"IDA 9.4 guess_type int __cdecl(int, int, int, int, int, int, int, int)"
0x00643EB0,sub_643eb0,8,"IDA 9.4 guess_type int __cdecl(int, int, int, int, int, int, int, int)"
0x00643FA0,sub_643fa0,4,"IDA 9.4 guess_type int __cdecl(int, int, int, int)"
0x006440E0,sub_6440e0,2,"IDA 9.4 guess_type int __cdecl(int, int)"
0x00644100,sub_644100,2,"IDA 9.4 guess_type int __cdecl(int, int)"
0x00644140,sub_644140,5,"IDA 9.4 guess_type int __cdecl(char, char, int, int, int)"
0x00644180,_inflate_codes,3,"IDA 9.4 guess_type int __cdecl(int, int, int)"
0x00644910,sub_644910,2,"IDA 9.4 guess_type int __cdecl(int, int)"
0x00644930,sub_644930,3,"IDA 9.4 guess_type int __cdecl(int, int, int)"
0x00644A70,_inflate_fast,6,"IDA 9.4 guess_type int __cdecl(int, int, int, int, int, int)"
0x00644DD2,__cinit,0,IDA 9.4 guess_type int()
0x00644DFF,_exit,1,IDA 9.4 guess_type void __cdecl __noreturn(int Code)
0x00644E10,__exit,1,IDA 9.4 guess_type void __cdecl __noreturn(int Code)
0x00644EC6,__lockexit,0,IDA 9.4 guess_type int()
0x00644ECF,__unlockexit,0,IDA 9.4 guess_type int()
0x00644ED8,__initterm,2,"IDA 9.4 guess_type void __cdecl(_PVFV *First, _PVFV *Last)"
0x00644EF2,_free,1,IDA 9.4 guess_type void __cdecl(void *Block)
0x00644F3A,_abs,1,IDA 9.4 guess_type int __cdecl(int Number)
0x00644F79,sub_644f79,2,"IDA 9.4 guess_type int __cdecl(int, int)"
0x00644F80,sub_644f80,2,"IDA 9.4 guess_type int __cdecl(int, int)"
0x0064524C,__unwind_handler,4,"IDA 9.4 guess_type int __cdecl(int, int, int, int)"
0x0064526E,__local_unwind2,2,"IDA 9.4 guess_type int __cdecl(int, int)"
0x006452D6,__abnormal_termination,0,IDA 9.4 guess_type int __cdecl()
0x006452F9,__NLG_Notify1,1,IDA 9.4 guess_type int __stdcall(int)
0x00645302,__NLG_Notify,1,IDA 9.4 guess_type int __stdcall(int)
0x0064531A,__onexit,1,IDA 9.4 guess_type _onexit_t __cdecl(_onexit_t Func)
0x00645398,_atexit,1,IDA 9.4 guess_type int __cdecl(void (__cdecl *)())
0x006453AA,___onexitinit,0,IDA 9.4 guess_type int()
0x006453E0,_strlen,1,IDA 9.4 guess_type size_t __cdecl(const char *Str)
0x00645460,_strcpy,2,"IDA 9.4 guess_type char *__cdecl(char *Destination, const char *Source)"
0x00645470,_strcat,2,"IDA 9.4 guess_type char *__cdecl(char *Destination, const char *Source)"
0x00645550,__alloca_probe,1,IDA 9.4 guess_type int __cdecl(char)
0x00645598,_fclose,1,IDA 9.4 guess_type int __cdecl(FILE *Stream)
0x006455C9,__fclose_lk,1,IDA 9.4 guess_type int __cdecl(int)
0x00645615,__fsopen,3,"IDA 9.4 guess_type FILE *__cdecl(const char *FileName, const char *Mode, int ShFlag)"
0x00645646,_fopen,2,"IDA 9.4 guess_type FILE *__cdecl(const char *FileName, const char *Mode)"
0x00645660,_strcmp,2,"IDA 9.4 guess_type int __cdecl(const char *Str1, const char *Str2)"
0x00645844,__purecall,0,IDA 9.4 guess_type void __noreturn()
0x0064584D,sub_64584d,0,IDA 9.4 guess_type int()
0x00645864,nullsub_18,0,IDA 9.4 guess_type int()
0x00645865,__cfltcvt_init_1,0,IDA 9.4 guess_type int()
0x006458A0,_strrchr,2,"IDA 9.4 guess_type char *__cdecl(const char *Str, int Ch)"
0x006458C8,__ftol,0,IDA 9.4 guess_type int()
0x006458F0,_strncmp,3,"IDA 9.4 guess_type int __cdecl(const char *Str1, const char *Str2, size_t MaxCount)"
0x00645930,_memcpy,3,"IDA 9.4 guess_type void *__cdecl(void *, const void *Src, size_t Size)"
0x00645C70,_memcmp,3,"IDA 9.4 guess_type int __cdecl(const void *Buf1, const void *Buf2, size_t Size)"
0x00645D1C,_atol,1,IDA 9.4 guess_type int __cdecl(const char *String)
0x00645DA7,_atoi,1,IDA 9.4 guess_type int __cdecl(const char *String)
0x00645DD0,_strchr,2,"IDA 9.4 guess_type char *__cdecl(const char *Str, int Val)"
0x00645E90,_strncpy,3,"IDA 9.4 guess_type char *__cdecl(char *Destination, const char *Source, size_t Count)"
0x00646010,_srand,1,IDA 9.4 guess_type void __cdecl(unsigned int Seed)
0x0064601D,_rand,0,IDA 9.4 guess_type int __cdecl()
0x0064606E,_fwrite,4,"IDA 9.4 guess_type size_t __cdecl(const void *Buffer, size_t ElementSize, size_t ElementCount, FILE *Stream)"
0x006461A7,_fread,4,"IDA 9.4 guess_type size_t __cdecl(void *Buffer, size_t ElementSize, size_t ElementCount, FILE *Stream)"
0x0064628F,_toupper,1,IDA 9.4 guess_type int __cdecl(int C)
0x006462FE,_toupper_0,1,IDA 9.4 guess_type int __cdecl(int C)
0x006463D0,__CIsin,0,IDA 9.4 guess_type int()
0x006463E4,_sin,1,IDA 9.4 guess_type double __cdecl(double X)
0x00646480,__CIcos,0,IDA 9.4 guess_type int()
0x00646494,_cos,1,IDA 9.4 guess_type double __cdecl(double X)
0x00646530,__CIsqrt,0,IDA 9.4 guess_type int()
0x00646544,_sqrt,1,IDA 9.4 guess_type double __cdecl(double X)
0x006465F0,_memset,3,"IDA 9.4 guess_type void *__cdecl(void *, int Val, size_t Size)"
0x00646650,__CIatan,0,IDA 9.4 guess_type int()
0x00646664,_atan,1,IDA 9.4 guess_type double __cdecl(double X)
0x006466EF,_tolower,1,IDA 9.4 guess_type int __cdecl(int C)
0x0064675E,_tolower_0,1,IDA 9.4 guess_type int __cdecl(int C)
0x00646829,__mkdir,1,IDA 9.4 guess_type int __cdecl(const char *Path)
0x00646855,_fgetc,1,IDA 9.4 guess_type int __cdecl(FILE *Stream)
0x00646886,_fputc,2,"IDA 9.4 guess_type int __cdecl(int Character, FILE *Stream)"
0x006468D0,_strstr,2,"IDA 9.4 guess_type char *__cdecl(const char *Str, const char *SubStr)"
0x00646950,_remove,1,IDA 9.4 guess_type int __cdecl(const char *FileName)
0x0064697A,_isupper,1,IDA 9.4 guess_type int __cdecl(int C)
0x006469A2,_isdigit,1,IDA 9.4 guess_type int __cdecl(int C)
0x006469CA,_isxdigit,1,IDA 9.4 guess_type int __cdecl(int C)
0x006469F7,_rename,2,"IDA 9.4 guess_type int __cdecl(const char *OldFilename, const char *NewFilename)"
0x00646A80,__CIpow,0,IDA 9.4 guess_type int()
0x00646A99,_pow,2,"IDA 9.4 guess_type double __cdecl(double X, double Y)"
0x00646C75,sub_646c75,0,IDA 9.4 guess_type int()
0x00646C9D,start,0,IDA 9.4 guess_type void __noreturn()
0x00646EB5,__seh_longjmp_unwind@4,1,IDA 9.4 guess_type int __stdcall(int)
0x00646ED0,_calloc,2,"IDA 9.4 guess_type void *__cdecl(size_t Count, size_t Size)"
0x00647067,__endthread,0,IDA 9.4 guess_type void __cdecl()
0x006470A6,_malloc,1,IDA 9.4 guess_type void *__cdecl(size_t Size)
0x006470B8,__nh_malloc,2,"IDA 9.4 guess_type int __cdecl(size_t Size, int)"
0x006470E4,__heap_alloc,1,IDA 9.4 guess_type int __cdecl(int)
0x00647132,_realloc,2,"IDA 9.4 guess_type void *__cdecl(void *Block, size_t Size)"
0x0064726A,_fgets,3,"IDA 9.4 guess_type char *__cdecl(char *Buffer, int MaxCount, FILE *Stream)"
0x006472CC,_rewind,1,IDA 9.4 guess_type void __cdecl(FILE *Stream)
0x00647330,_fseek,3,"IDA 9.4 guess_type int __cdecl(FILE *Stream, int Offset, int Origin)"
0x0064735C,__fseek_lk,3,"IDA 9.4 guess_type int __cdecl(int, int Offset, int Origin)"
0x006473F0,_memchr,3,"IDA 9.4 guess_type void *__cdecl(const void *Buf, int Val, size_t MaxCount)"
0x006474A0,_strcspn,2,"IDA 9.4 guess_type size_t __cdecl(const char *Str, const char *Control)"
0x006474E0,_memcpy_0,3,"IDA 9.4 guess_type void *__cdecl(void *, const void *Src, size_t Size)"
0x00647851,_floor,1,IDA 9.4 guess_type double __cdecl(double X)
0x00647920,_ftell,1,IDA 9.4 guess_type int __cdecl(FILE *Stream)
0x00647942,__ftell_lk,1,IDA 9.4 guess_type int __cdecl(int)
0x00647AB0,__CIacos,0,IDA 9.4 guess_type int()
0x00647AC4,_acos,1,IDA 9.4 guess_type double __cdecl(double X)
0x00647ACD,sub_647acd,2,"IDA 9.4 guess_type int __cdecl(int, int)"
0x00647B7B,___initstdio,0,IDA 9.4 guess_type int()
0x00647C23,___endstdio,0,IDA 9.4 guess_type int()
0x00647C37,__lock_file,1,IDA 9.4 guess_type void __cdecl(FILE *Stream)
0x00647C66,__lock_file2,2,"IDA 9.4 guess_type int __cdecl(int, int)"
0x00647C89,__unlock_file,1,IDA 9.4 guess_type void __cdecl(FILE *Stream)
0x00647CB8,__unlock_file2,2,"IDA 9.4 guess_type int __cdecl(int, int)"
0x00647CDB,__mtinitlocks,0,IDA 9.4 guess_type int()
0x00647D04,__lock,1,IDA 9.4 guess_type int __cdecl(int)
0x00647D65,__unlock,1,IDA 9.4 guess_type int __cdecl(int)
0x00647D7A,__heap_init,1,IDA 9.4 guess_type int __cdecl(int)
0x00647DB6,___sbh_heap_init,0,IDA 9.4 guess_type int()
0x00647DF4,___sbh_find_block,1,IDA 9.4 guess_type int __cdecl(int)
0x00647E1F,___sbh_free_block,2,"IDA 9.4 guess_type int __cdecl(int, int)"
0x0064814A,___sbh_alloc_block,1,IDA 9.4 guess_type int __cdecl(int)
0x00648453,___sbh_alloc_new_region,0,IDA 9.4 guess_type int()
0x00648504,___sbh_alloc_new_group,1,IDA 9.4 guess_type int __cdecl(int)
0x006485FF,___sbh_resize_block,3,"IDA 9.4 guess_type int __cdecl(int, int, int)"
0x00648C4A,___FrameUnwindToState,4,"IDA 9.4 guess_type int __cdecl(int, int, int, int)"
0x00648CE8,unknown_libname_298,1,IDA 9.4 guess_type int __cdecl(int)
0x00649082,unknown_libname_299,2,"IDA 9.4 guess_type int __cdecl(int, char)"
0x00649110,__CallSettingFrame@12,3,"IDA 9.4 guess_type int __stdcall(int, int, int)"
0x0064915C,__mtinit,0,IDA 9.4 guess_type int()
0x006491B0,__initptd,1,IDA 9.4 guess_type int __cdecl(int)
0x006491C3,__getptd,0,IDA 9.4 guess_type int()
0x0064922A,__freeptd,1,IDA 9.4 guess_type int __cdecl(void *Block)
0x0064932B,sub_64932b,0,IDA 9.4 guess_type void __noreturn()
0x00649381,__msize,1,IDA 9.4 guess_type size_t __cdecl(void *Block)
0x006493C6,__close,1,IDA 9.4 guess_type int __cdecl(int FileHandle)
0x00649423,__close_lk,1,IDA 9.4 guess_type int __cdecl(int FileHandle)
0x006494A6,__freebuf,1,IDA 9.4 guess_type int __cdecl(int)
0x006494D1,__fflush_lk,1,IDA 9.4 guess_type int __cdecl(int)
0x006494FF,__flush,1,IDA 9.4 guess_type int __cdecl(int)
0x0064955B,sub_64955b,0,IDA 9.4 guess_type int()
0x00649564,_flsall,1,IDA 9.4 guess_type int __cdecl(int)
0x00649608,__openfile,4,"IDA 9.4 guess_type int __cdecl(char *FileName, int, int ShareFlag, int)"
0x00649778,__getstream,0,IDA 9.4 guess_type int()
0x00649840,__setdefaultprecision,0,IDA 9.4 guess_type int()
0x00649852,__ms_p5_test_fdiv,0,IDA 9.4 guess_type int()
0x00649890,__ms_p5_mp_test_fdiv,0,IDA 9.4 guess_type int()
0x006498B9,__forcdecpt,1,IDA 9.4 guess_type int __cdecl(int)
0x00649913,__cropzeros,1,IDA 9.4 guess_type int __cdecl(int)
0x00649961,__positive,1,IDA 9.4 guess_type int __cdecl(int)
0x00649979,__fassign,3,"IDA 9.4 guess_type int __cdecl(int, int, int)"
0x006499B7,__cftoe,5,"IDA 9.4 guess_type int __usercall@<eax>(int@<ecx>, int, int, int, int)"
0x00649A18,__cftoe2,5,"IDA 9.4 guess_type int __cdecl(int, int, int, int, char)"
0x00649ADA,__cftof,4,"IDA 9.4 guess_type int __usercall@<eax>(int@<ecx>, int, char *Str, size_t Size)"
0x00649B2F,__cftof2,4,"IDA 9.4 guess_type int __cdecl(char *Str, size_t Size, int, char)"
0x00649BD6,__cftog,5,"IDA 9.4 guess_type int __usercall@<eax>(int@<ecx>, int, char *Str, size_t Size, int)"
0x00649C69,__cfltcvt,5,"IDA 9.4 guess_type int __cdecl(int, char *Str, int, size_t Size, int)"
0x00649CBA,__shift,2,"IDA 9.4 guess_type int __cdecl(char *Str, int)"
0x00649CDF,__isctype,2,"IDA 9.4 guess_type int __cdecl(int C, int Type)"
0x00649D60,__allmul,4,"IDA 9.4 guess_type int __stdcall(int, int, int, int)"
0x00649D94,__flsbuf,2,"IDA 9.4 guess_type int __cdecl(int Ch, FILE *File)"
0x00649EAC,__write,3,"IDA 9.4 guess_type int __cdecl(int FileHandle, const void *Buf, unsigned int MaxCharCount)"
0x0064A09C,__filbuf,1,IDA 9.4 guess_type int __cdecl(FILE *File)
0x0064A178,__read,3,"IDA 9.4 guess_type int __cdecl(int FileHandle, void *DstBuf, unsigned int MaxCharCount)"
0x0064A5DA,_strncnt,2,"IDA 9.4 guess_type int __cdecl(int, int)"
0x0064A610,__trandisp1,0,IDA 9.4 guess_type int()
0x0064A71D,__rtonenpop,0,IDA 9.4 guess_type int()
0x0064A722,__tosnan1,0,IDA 9.4 guess_type int()
0x0064A7C9,__rttosnpopde,0,IDA 9.4 guess_type int()
0x0064A7E0,__twoToTOS,0,IDA 9.4 guess_type int()
0x0064A7F5,__load_CW,1,IDA 9.4 guess_type int __cdecl(int)
0x0064A80C,__convertTOStoQNaN,0,IDA 9.4 guess_type int()
0x0064A825,__fload_withFB,0,IDA 9.4 guess_type int()
0x0064A868,__checkTOS_withFB,2,"IDA 9.4 guess_type int __cdecl(int, int)"
0x0064A8B5,__check_overflow_exit,0,IDA 9.4 guess_type int()
0x0064A8C9,__check_range_exit,0,IDA 9.4 guess_type int()
0x0064A970,__startTwoArgErrorHandling,6,"IDA 9.4 guess_type int __cdecl(int, int, int, int, int, int)"
0x0064A987,__startOneArgErrorHandling,4,"IDA 9.4 guess_type int __cdecl(__int16, int, int, int)"
0x0064A9C3,__dosmaperr,1,IDA 9.4 guess_type int __cdecl(int)
0x0064AA36,__errno,0,IDA 9.4 guess_type int *__cdecl()
0x0064AA3F,___doserrno,0,IDA 9.4 guess_type unsigned int *__cdecl()
0x0064AA48,__output,3,"IDA 9.4 guess_type int __cdecl(FILE *File, int, int)"
0x0064B189,_write_char,3,"IDA 9.4 guess_type int __cdecl(int, FILE *File, int)"
0x0064B1BE,_write_multi_char,4,"IDA 9.4 guess_type int __cdecl(int, int, FILE *File, int)"
0x0064B1EF,_write_string,4,"IDA 9.4 guess_type int __cdecl(int, int, FILE *File, int)"
0x0064B227,_get_int_arg,1,IDA 9.4 guess_type int __cdecl(int)
0x0064B234,_get_int64_arg,1,IDA 9.4 guess_type int __cdecl(int)
0x0064B244,_get_short_arg,1,IDA 9.4 guess_type int __cdecl(int)
0x0064B347,zerotoxdone,0,IDA 9.4 guess_type int()
0x0064B392,_expbigret,0,IDA 9.4 guess_type int()
0x0064B3B1,_rtforexpinf,0,IDA 9.4 guess_type int()
0x0064B3BE,__ffexpm1,0,IDA 9.4 guess_type int()
0x0064B401,_isintTOS,0,IDA 9.4 guess_type int()
0x0064B426,_isintTOSret,0,IDA 9.4 guess_type int()
0x0064B467,__powhlp,3,"IDA 9.4 guess_type int __cdecl(double, double, int)"
0x0064B597,__d_inttype,1,IDA 9.4 guess_type int __cdecl(double)
0x0064B73A,_xcptlookup,2,"IDA 9.4 guess_type int __cdecl(int, int)"
0x0064B774,__wincmdln,0,IDA 9.4 guess_type int()
0x0064B7CC,__setenvp,0,IDA 9.4 guess_type int()
0x0064B885,__setargv,0,IDA 9.4 guess_type int()
0x0064B91E,_parse_cmdline,5,"IDA 9.4 guess_type int __cdecl(int, int, int, int, int)"
0x0064BAD2,___crtGetEnvironmentStringsA,0,IDA 9.4 guess_type int()
0x0064BC04,__ioinit,0,IDA 9.4 guess_type int()
0x0064BDC0,__FF_MSGBANNER,0,IDA 9.4 guess_type int()
0x0064BF4C,__callnewh,1,IDA 9.4 guess_type int __cdecl(size_t Size)
0x0064BF67,__lseek,3,"IDA 9.4 guess_type int __cdecl(int FileHandle, int Offset, int Origin)"
0x0064C03F,__stbuf,1,IDA 9.4 guess_type int __cdecl(int)
0x0064C0CC,__ftbuf,2,"IDA 9.4 guess_type int __cdecl(int, int)"
0x0064C0F6,__handle_qnan1,4,"IDA 9.4 guess_type int __usercall@<eax>(int@<ecx>, int, double, int)"
0x0064C14A,__handle_qnan2,5,"IDA 9.4 guess_type int __usercall@<eax>(int@<ecx>, int, double, double, int)"
0x0064C59A,__handle_exc,3,"IDA 9.4 guess_type int __cdecl(int, int, int)"
0x0064C861,__get_fname,1,IDA 9.4 guess_type int __cdecl(int)
0x0064C886,__errcode,1,IDA 9.4 guess_type int __cdecl(char)
0x0064C8B3,__frnd,1,IDA 9.4 guess_type int __cdecl(double)
0x0064C8C5,__set_exp,2,"IDA 9.4 guess_type int __cdecl(double, int)"
0x0064C902,__sptype,2,"IDA 9.4 guess_type int __cdecl(int, int)"
0x0064C95C,__decomp,2,"IDA 9.4 guess_type int __cdecl(double, int)"
0x0064CA1D,__statfp,0,IDA 9.4 guess_type int()
0x0064CA2B,__clrfp,0,IDA 9.4 guess_type int()
0x0064CA3A,__ctrlfp,2,"IDA 9.4 guess_type int __cdecl(int, int)"
0x0064CA5D,__set_statfp,1,IDA 9.4 guess_type int __cdecl(int)
0x0064CAB3,__fcloseall,0,IDA 9.4 guess_type int __cdecl()
0x0064CB7A,sub_64cb7a,0,IDA 9.4 guess_type int()
0x0064CB8B,sub_64cb8b,0,IDA 9.4 guess_type int()
0x0064CBFF,__alloc_osfhnd,0,IDA 9.4 guess_type int()
0x0064CD9E,__free_osfhnd,1,IDA 9.4 guess_type int __cdecl(int)
0x0064CE1D,__get_osfhandle,1,IDA 9.4 guess_type intptr_t __cdecl(int FileHandle)
0x0064CE5F,__lock_fhandle,1,IDA 9.4 guess_type int __cdecl(int)
0x0064CEBE,__unlock_fhandle,1,IDA 9.4 guess_type int __cdecl(int)
0x0064CEE0,__commit,1,IDA 9.4 guess_type int __cdecl(int FileHandle)
0x0064D259,__control87,2,"IDA 9.4 guess_type unsigned int __cdecl(unsigned int NewValue, unsigned int Mask)"
0x0064D28E,__controlfp,2,"IDA 9.4 guess_type unsigned int __cdecl(unsigned int NewValue, unsigned int Mask)"
0x0064D2A4,__abstract_cw,1,IDA 9.4 guess_type int __cdecl(int)
0x0064D336,__hw_cw,1,IDA 9.4 guess_type int __cdecl(int)
0x0064D3BF,__ZeroTail,2,"IDA 9.4 guess_type int __cdecl(int, int)"
0x0064D408,__IncMan,2,"IDA 9.4 guess_type int __cdecl(int, int)"
0x0064D45E,__RoundMan,2,"IDA 9.4 guess_type int __cdecl(int, int)"
0x0064D4EA,__CopyMan,2,"IDA 9.4 guess_type int __cdecl(int, int)"
0x0064D505,__FillZeroMan,1,IDA 9.4 guess_type int __cdecl(int)
0x0064D511,__IsZeroMan,1,IDA 9.4 guess_type int __cdecl(int)
0x0064D52C,__ShrMan,2,"IDA 9.4 guess_type int __cdecl(int, int)"
0x0064D5B9,__ld12cvt,3,"IDA 9.4 guess_type int __cdecl(int, int, int)"
0x0064D725,sub_64d725,2,"IDA 9.4 guess_type int __cdecl(int, int)"
0x0064D73B,sub_64d73b,2,"IDA 9.4 guess_type int __cdecl(int, int)"
0x0064D751,sub_64d751,2,"IDA 9.4 guess_type int __cdecl(int, int)"
0x0064D77E,sub_64d77e,2,"IDA 9.4 guess_type int __cdecl(int, int)"
0x0064D7AB,__fptostr,3,"IDA 9.4 guess_type int __cdecl(void *, int, int)"
0x0064D822,__fltout2,4,"IDA 9.4 guess_type int __cdecl(char, int, int, char *Destination)"
0x0064D87E,___dtold,2,"IDA 9.4 guess_type int __cdecl(int, int)"
0x0064D934,__fptrap,0,IDA 9.4 guess_type void __noreturn()
0x0064DA86,__getbuf,1,IDA 9.4 guess_type int __cdecl(int)
0x0064DACA,__isatty,1,IDA 9.4 guess_type int __cdecl(int FileHandle)
0x0064DB00,_strpbrk,2,"IDA 9.4 guess_type char *__cdecl(const char *Str, const char *Control)"
0x0064DB3A,__87except,3,"IDA 9.4 guess_type int __cdecl(int, int, int)"
0x0064DC0A,_wctomb,2,"IDA 9.4 guess_type int __cdecl(char *MbCh, wchar_t WCh)"
0x0064DCD0,__aulldiv,4,"IDA 9.4 guess_type int __stdcall(int, int, int, int)"
0x0064DD40,__aullrem,4,"IDA 9.4 guess_type int __stdcall(int, int, int, int)"
0x0064DDC0,unknown_libname_300,4,"IDA 9.4 guess_type int __cdecl(_TBYTE, _TBYTE, int, int)"
0x0064DED7,unknown_libname_301,6,"IDA 9.4 guess_type int __cdecl(int, int, _TBYTE, int, int, _TBYTE)"
0x0064E376,unknown_libname_302,0,IDA 9.4 guess_type int()
0x0064E389,unknown_libname_303,0,IDA 9.4 guess_type int()
0x0064E5B1,unknown_libname_313,0,IDA 9.4 guess_type int()
0x0064E7CC,unknown_libname_315,0,IDA 9.4 guess_type int()
0x0064EA84,unknown_libname_317,0,IDA 9.4 guess_type int()
0x0064EB4B,__fpclass,1,IDA 9.4 guess_type int __cdecl(double X)
0x0064EBDD,__ismbblead,1,IDA 9.4 guess_type int __cdecl(unsigned int Ch)
0x0064EBEE,_x_ismbbtype,3,"IDA 9.4 guess_type int __cdecl(char, int, char)"
0x0064EC1F,__setmbcp,1,IDA 9.4 guess_type int __cdecl(int CodePage)
0x0064EDCC,_getSystemCP,1,IDA 9.4 guess_type int __cdecl(int)
0x0064EE16,_CPtoLCID,1,IDA 9.4 guess_type int __cdecl(int)
0x0064EE49,_setSBCS,0,IDA 9.4 guess_type int()
0x0064EE72,_setSBUpLow,0,IDA 9.4 guess_type int()
0x0064EFF7,___initmbctable,0,IDA 9.4 guess_type int()
0x0064F013,___crtMessageBoxA,3,"IDA 9.4 guess_type int __cdecl(int, int, int)"
0x0064F09C,sub_64f09c,0,IDA 9.4 guess_type int()
0x0064F09F,_raise,1,IDA 9.4 guess_type int __cdecl(int Signal)
0x0064F221,_siglookup,2,"IDA 9.4 guess_type int __cdecl(int, int)"
0x0064F383,___addl,3,"IDA 9.4 guess_type int __cdecl(int, int, int)"
0x0064F3A4,___add_12,2,"IDA 9.4 guess_type int __cdecl(int, int)"
0x0064F402,___shl_12,1,IDA 9.4 guess_type int __cdecl(int)
0x0064F430,___shr_12,1,IDA 9.4 guess_type int __cdecl(int)
0x0064F45D,___mtold12,3,"IDA 9.4 guess_type int __cdecl(int, int, int)"
0x0064F524,___strgtold12,7,"IDA 9.4 guess_type int __cdecl(int, int, int, int, int, int, int)"
0x0064F9F5,_$I10_OUTPUT,6,"IDA 9.4 guess_type int __cdecl(int, int, int, int, char, int)"
0x0064FC88,__itoa,3,"IDA 9.4 guess_type char *__cdecl(int Value, char *Buffer, int Radix)"
0x0064FCB5,_xtoa,4,"IDA 9.4 guess_type int __cdecl(int, int, int, int)"
0x0064FD20,__strcmpi,2,"IDA 9.4 guess_type int __cdecl(const char *String1, const char *String2)"
0x0064FDF0,__strnicmp,3,"IDA 9.4 guess_type int __cdecl(const char *String1, const char *String2, size_t MaxCount)"
0x0064FEF1,__setmode_lk,2,"IDA 9.4 guess_type int __cdecl(int, int)"
0x0064FF52,___ld12mul,2,"IDA 9.4 guess_type int __cdecl(int, int)"
0x00650172,___multtenpow12,3,"IDA 9.4 guess_type int __cdecl(int, int, int)"
0x006501F6,GetSaveFileNameA,1,IDA 9.4 guess_type BOOL __stdcall(LPOPENFILENAMEA)
0x006501FC,GetOpenFileNameA,1,IDA 9.4 guess_type BOOL __stdcall(LPOPENFILENAMEA)
0x00650220,__tell,1,IDA 9.4 guess_type int __cdecl(int FileHandle)
0x00650231,__hypot,2,"IDA 9.4 guess_type double __cdecl(double X, double Y)"
0x0065BFB1,sub_65bfb1,0,IDA 9.4 guess_type int()
0x0065BFBC,sub_65bfbc,0,IDA 9.4 guess_type int()
0x0065BFC7,sub_65bfc7,0,IDA 9.4 guess_type int()
0x0065BFD2,sub_65bfd2,0,IDA 9.4 guess_type int()
0x0065BFDD,sub_65bfdd,0,IDA 9.4 guess_type int()
0x0065BFE5,sub_65bfe5,0,IDA 9.4 guess_type int()
0x0065BFF3,sub_65bff3,0,IDA 9.4 guess_type int()
0x0065C001,sub_65c001,0,IDA 9.4 guess_type int()
0x0065C009,sub_65c009,0,IDA 9.4 guess_type int()
0x0065C011,sub_65c011,0,IDA 9.4 guess_type int()
0x0065C01C,sub_65c01c,0,IDA 9.4 guess_type int()
0x0065C027,sub_65c027,0,IDA 9.4 guess_type int()
0x0065C032,sub_65c032,0,IDA 9.4 guess_type int()
0x0065C03D,sub_65c03d,0,IDA 9.4 guess_type int()
0x0065C048,sub_65c048,0,IDA 9.4 guess_type int()
0x0065C053,sub_65c053,0,IDA 9.4 guess_type int()
0x0065C05E,sub_65c05e,0,IDA 9.4 guess_type int()
0x0065C069,sub_65c069,0,IDA 9.4 guess_type int()
0x0065C074,sub_65c074,0,IDA 9.4 guess_type int()
0x0065C07F,sub_65c07f,0,IDA 9.4 guess_type int()
0x0065C08A,sub_65c08a,0,IDA 9.4 guess_type int()
0x0065C092,sub_65c092,0,IDA 9.4 guess_type int()
0x0065C0A0,sub_65c0a0,0,IDA 9.4 guess_type int()
0x0065C0AE,sub_65c0ae,0,IDA 9.4 guess_type int()
0x0065C0B6,sub_65c0b6,0,IDA 9.4 guess_type int()
0x00664000,sub_664000,7,"IDA 9.4 guess_type int __cdecl(int, int, int, int, int, int, int)"
0x006646FB,sub_6646fb,0,IDA 9.4 guess_type int()
0x006647F0,sub_6647f0,6,"IDA 9.4 guess_type int __cdecl(int, int, int, int, int, int)"
0x00664D51,sub_664d51,0,IDA 9.4 guess_type int()
0x00664E50,sub_664e50,7,"IDA 9.4 guess_type int __cdecl(int, int, int, int, int, int, int)"
0x0066554B,sub_66554b,0,IDA 9.4 guess_type int()
0x00665640,sub_665640,6,"IDA 9.4 guess_type int __cdecl(int, int, int, int, int, int)"
0x00665BA1,sub_665ba1,0,IDA 9.4 guess_type int()
0x00665CA0,sub_665ca0,7,"IDA 9.4 guess_type int __cdecl(int, int, int, int, int, int, int)"
0x0066638F,sub_66638f,0,IDA 9.4 guess_type int()
0x00666440,sub_666440,6,"IDA 9.4 guess_type int __cdecl(int, int, int, int, int, int)"
0x00666989,sub_666989,0,IDA 9.4 guess_type int()
0x00666A80,sub_666a80,6,"IDA 9.4 guess_type int __cdecl(int, int, int, int, int, int)"
0x00666F68,sub_666f68,0,IDA 9.4 guess_type int()
0x00667380,sub_667380,7,"IDA 9.4 guess_type int __cdecl(int, int, int, int, int, int, int)"
0x00667A6F,sub_667a6f,0,IDA 9.4 guess_type int()
0x00667B20,sub_667b20,6,"IDA 9.4 guess_type int __cdecl(int, int, int, int, int, int)"
0x00668069,sub_668069,0,IDA 9.4 guess_type int()
