struct,offset,field,size
AlphaIniPref,0x0,preferences,4
AlphaIniPref,0x4,more_preferences,4
AlphaIniPref,0x8,announce,4
AlphaIniPref,0xC,rules,4
AlphaIniPref,0x10,semaphore,4
AlphaIniPref,0x14,time_controls,4
AlphaIniPref,0x18,customize,4
AlphaIniPref,0x1C,custom_world,28
AlphaIniPref,0x38,(sizeof),
AlphaNet,,(sizeof),
AlphaNet,,field_1000,1024
AlphaNet,,field_1400,140
AlphaNet,,field_760,160
AlphaNet,,field_800,1024
AlphaNet,,field_C00,1024
AlphaNet,,heap,20
BASE,,(sizeof),
BASE,,0,
BASE,0x0,x,2
BASE,0x2,y,2
BASE,0x4,faction_id,1
BASE,0x5,faction_id_former,1
BASE,0x6,pop_size,1
BASE,0x7,assimilation_turns_left,1
BASE,0x8,nerve_staple_turns_left,1
BASE,0x9,ai_plan_status,1
BASE,0xA,visibility,1
BASE,0xB,factions_pop_size_intel,8
BASE,0x13,name,25
BASE,0x2C,unk_x,2
BASE,0x2E,unk_y,2
BASE,0x30,state_flags,4
BASE,0x34,event_flags,4
BASE,0x38,governor_flags,4
BASE,0x3C,nutrients_accumulated,4
BASE,0x40,minerals_accumulated,4
BASE,0x44,production_id_last,4
BASE,0x48,eco_damage,4
BASE,0x4C,queue_size,4
BASE,0x50,queue_items,40
BASE,0x78,worked_tiles,4
BASE,0x7C,specialist_total,4
BASE,0x80,specialist_adjust,4
BASE,0x84,specialist_types,8
BASE,0x8C,facilities_built,12
BASE,0x98,mineral_surplus_final,4
BASE,0x9C,minerals_accumulated_2,4
BASE,0xA0,pad_1,4
BASE,0xA4,pad_2,4
BASE,0xA8,pad_3,4
BASE,0xAC,pad_4,4
BASE,0xB0,nutrient_intake,4
BASE,0xB4,mineral_intake,4
BASE,0xB8,energy_intake,4
BASE,0xBC,unused_intake,4
BASE,0xC0,nutrient_intake_2,4
BASE,0xC4,mineral_intake_2,4
BASE,0xC8,energy_intake_2,4
BASE,0xCC,unused_intake_2,4
BASE,0xD0,nutrient_surplus,4
BASE,0xD4,mineral_surplus,4
BASE,0xD8,energy_surplus,4
BASE,0xDC,unused_surplus,4
BASE,0xE0,nutrient_inefficiency,4
BASE,0xE4,mineral_inefficiency,4
BASE,0xE8,energy_inefficiency,4
BASE,0xEC,unused_inefficiency,4
BASE,0xF0,nutrient_consumption,4
BASE,0xF4,mineral_consumption,4
BASE,0xF8,energy_consumption,4
BASE,0xFC,unused_consumption,4
BASE,0x100,economy_total,4
BASE,0x104,psych_total,4
BASE,0x108,labs_total,4
BASE,0x10C,unk_total,4
BASE,0x110,autoforward_land_base_id,2
BASE,0x112,autoforward_sea_base_id,2
BASE,0x114,autoforward_air_base_id,2
BASE,0x116,pad_5,2
BASE,0x118,talent_total,4
BASE,0x11C,drone_total,4
BASE,0x120,superdrone_total,4
BASE,0x124,random_event_turns,4
BASE,0x128,nerve_staple_count,4
BASE,0x12C,defend_goal,1
BASE,0x12D,defend_range,1
BASE,0x12E,pad_6,1
BASE,0x12F,pad_7,1
BASE,0x130,pad_8,4
BASE,0x134,queue_items,
BItem,0x0,item_id,4
BItem,0x4,explore,4
BItem,0x8,discover,4
BItem,0xC,build,4
BItem,0x10,conquer,4
BItem,0x14,energy,4
BItem,0x18,(sizeof),
BaseButton,0xA14,field_A14,4
BaseButton,0xA18,field_A18,4
BaseButton,0xA1C,time1,40
BaseButton,0xA44,field_A44,4
BaseButton,0xA48,field_A48,4
BaseButton,0xA4C,time2,40
BaseButton,0xA74,field_A74,4
BaseButton,0xA78,field_A78,4
BaseButton,0xA7C,name,4
BaseButton,0xA80,bubbleText,4
BaseButton,0xA84,color,4
BaseButton,0xA88,bevelUpper,4
BaseButton,0xA8C,bevelLower,4
BaseButton,0xA90,bevelThickness,4
BaseButton,0xA94,field_A94,4
BaseButton,0xA98,field_A98,4
BaseButton,0xA9C,field_A9C,4
BaseButton,0xAA0,field_AA0,4
BaseButton,0xAA4,field_AA4,4
BaseButton,0xAA8,btnGroup,4
BaseButton,0xAAC,field_AAC,4
BaseButton,0xAB0,field_AB0,4
BaseButton,0xAB4,field_AB4,4
BaseButton,0xAB8,(sizeof),
BasePop,,(sizeof),
BasePop,,buttonColor1A,1
BasePop,,buttonColor1B,4
BasePop,,buttonColor1C,4
BasePop,,buttonColor1D,4
BasePop,,buttonColor2A,1
BasePop,,buttonColor2B,4
BasePop,,buttonColor2C,4
BasePop,,buttonColor2D,4
BasePop,,buttonColor3A,1
BasePop,,buttonColor3B,4
BasePop,,buttonColor3C,4
BasePop,,buttonColor3D,4
BasePop,,buttonFont1,4
BasePop,,buttonFont2,4
BasePop,,buttonFont3,4
BasePop,,cancelText,4
BasePop,,field_2E64,4
BasePop,,field_2E68,4
BasePop,,field_2E6C,4
BasePop,,field_2E70,4
BasePop,,field_2E74,4
BasePop,,field_2E78,4
BasePop,,field_2E7C,4
BasePop,,field_2E80,4
BasePop,,field_2E84,4
BasePop,,field_2E88,4
BasePop,,field_2E8C,4
BasePop,,field_2E90,4
BasePop,,field_2E94,4
BasePop,,field_2E98,4
BasePop,,field_2E9C,4
BasePop,,field_2EA0,4
BasePop,,field_2EA4,4
BasePop,,field_2EA8,4
BasePop,,field_2EAC,4
BasePop,,field_2EB0,4
BasePop,,field_2EB4,4
BasePop,,field_2EB8,4
BasePop,,field_2EBC,4
BasePop,,field_2EC0,4
BasePop,,field_2EC4,4
BasePop,,field_2EC8,4
BasePop,,field_2ECC,4
BasePop,,field_2ED0,4
BasePop,,field_2ED4,4
BasePop,,field_2ED8,4
BasePop,,field_2EDC,4
BasePop,,field_2EE0,4
BasePop,,field_2EE4,4
BasePop,,field_2EE8,4
BasePop,,field_2EEC,4
BasePop,,field_2EF0,4
BasePop,,field_2EF4,4
BasePop,,field_2EF8,4
BasePop,,field_2EFC,4
BasePop,,field_2F00,4
BasePop,,field_2F04,4
BasePop,,field_2F08,4
BasePop,,field_2F0C,4
BasePop,,field_2F10,4
BasePop,,field_2F14,4
BasePop,,field_2F18,4
BasePop,,field_2F1C,4
BasePop,,field_2F20,4
BasePop,,field_2F24,4
BasePop,,field_2F28,4
BasePop,,field_2F2C,4
BasePop,,field_2F30,4
BasePop,,field_2F34,4
BasePop,,field_2F38,4
BasePop,,field_2F3C,4
BasePop,,field_2F40,4
BasePop,,field_2F44,4
BasePop,,field_2F48,4
BasePop,,field_2F4C,4
BasePop,,field_2F50,4
BasePop,,field_2F54,4
BasePop,,field_2F58,4
BasePop,,field_2F5C,4
BasePop,,field_2F60,4
BasePop,,field_2F64,4
BasePop,,field_2F68,4
BasePop,,field_2F6C,4
BasePop,,field_2F70,4
BasePop,,field_2F74,4
BasePop,,field_2F78,4
BasePop,,field_2F7C,4
BasePop,,field_2F80,4
BasePop,,field_2F84,4
BasePop,,field_2F88,4
BasePop,,field_2F8C,4
BasePop,,field_2F90,4
BasePop,,field_2F94,4
BasePop,,field_2F98,4
BasePop,,field_2F9C,4
BasePop,,field_2FA0,4
BasePop,,field_2FA4,4
BasePop,,field_2FA8,4
BasePop,,field_2FAC,4
BasePop,,field_2FB0,4
BasePop,,field_2FB4,4
BasePop,,field_2FB8,4
BasePop,,field_2FBC,4
BasePop,,field_2FC0,4
BasePop,,field_2FC4,4
BasePop,,field_2FC8,4
BasePop,,field_2FCC,4
BasePop,,field_2FD0,4
BasePop,,field_2FD4,4
BasePop,,field_2FD8,4
BasePop,,field_2FDC,4
BasePop,,field_2FE0,4
BasePop,,field_2FE4,4
BasePop,,field_2FE8,4
BasePop,,field_2FEC,4
BasePop,,field_2FF0,4
BasePop,,field_2FF4,4
BasePop,,field_2FF8,4
BasePop,,field_2FFC,4
BasePop,,field_3000,4
BasePop,,field_3004,4
BasePop,,field_3008,4
BasePop,,field_300C,4
BasePop,,field_3010,4
BasePop,,field_3014,4
BasePop,,field_3018,4
BasePop,,field_301C,4
BasePop,,field_3020,4
BasePop,,field_3024,4
BasePop,,field_3028,4
BasePop,,field_302C,4
BasePop,,field_3030,4
BasePop,,field_3034,4
BasePop,,field_3038,4
BasePop,,field_303C,4
BasePop,,field_3040,4
BasePop,,field_3044,4
BasePop,,field_3048,4
BasePop,,field_304C,4
BasePop,,field_3050,4
BasePop,,field_3054,4
BasePop,,field_3058,4
BasePop,,field_305C,4
BasePop,,field_3060,4
BasePop,,field_3064,4
BasePop,,field_3068,4
BasePop,,field_306C,4
BasePop,,field_3070,4
BasePop,,field_3074,4
BasePop,,field_3078,4
BasePop,,field_307C,4
BasePop,,field_3080,4
BasePop,,field_3084,4
BasePop,,field_3088,4
BasePop,,field_308C,4
BasePop,,field_3090,4
BasePop,,field_3094,4
BasePop,,field_30A4,4
BasePop,,field_30A8,4
BasePop,,field_30AC,4
BasePop,,field_30B0,4
BasePop,,field_30B4,4
BasePop,,field_30B8,4
BasePop,,field_30BC,4
BasePop,,field_30C0,4
BasePop,,field_30C4,4
BasePop,,field_30C8,4
BasePop,,field_30CC,4
BasePop,,field_30D0,4
BasePop,,field_30D4,4
BasePop,,field_30D8,4
BasePop,,field_30DC,4
BasePop,,field_30E0,4
BasePop,,field_30E4,4
BasePop,,field_30E8,4
BasePop,,field_30EC,4
BasePop,,field_30F0,4
BasePop,,field_30F4,4
BasePop,,field_30F8,4
BasePop,,field_30FC,4
BasePop,,field_3100,4
BasePop,,field_3104,4
BasePop,,field_3108,4
BasePop,,field_310C,4
BasePop,,field_3160,4
BasePop,,field_3164,4
BasePop,,field_3168,4
BasePop,,field_317B,1
BasePop,,field_31A0,4
BasePop,,field_31A4,4
BasePop,,field_31A8,4
BasePop,,field_31AC,4
BasePop,,field_31B0,4
BasePop,,field_31B4,4
BasePop,,field_31B8,4
BasePop,,field_31BC,4
BasePop,,field_31C0,4
BasePop,,field_31C4,4
BasePop,,field_31C8,4
BasePop,,field_31CC,4
BasePop,,field_31D0,4
BasePop,,field_31D4,4
BasePop,,field_31D8,4
BasePop,,field_31DC,4
BasePop,,field_31E0,4
BasePop,,field_31E4,4
BasePop,,field_31E8,4
BasePop,,field_31EC,4
BasePop,,field_31F0,4
BasePop,,field_31F4,4
BasePop,,field_31F8,4
BasePop,,field_31FC,4
BasePop,,field_3200,4
BasePop,,field_3204,4
BasePop,,field_3208,4
BasePop,,field_320C,4
BasePop,,field_3210,4
BasePop,,field_3214,4
BasePop,,field_3218,4
BasePop,,field_321C,4
BasePop,,field_3220,4
BasePop,,field_322C,4
BasePop,,okText,4
BasePop,,spot,
BasePop,,stringColor1A,4
BasePop,,stringColor1B,4
BasePop,,stringColor1C,4
BasePop,,stringColor1D,4
BasePop,,stringColor2A,4
BasePop,,stringColor2B,4
BasePop,,stringColor2C,4
BasePop,,stringColor2D,4
BasePop,,stringColor3A,4
BasePop,,stringColor3B,4
BasePop,,stringColor3C,4
BasePop,,stringColor3D,4
BasePop,,stringColorHyperA,4
BasePop,,stringColorHyperB,4
BasePop,,stringColorHyperC,4
BasePop,,stringColorHyperD,4
BasePop,,stringFont1,4
BasePop,,stringFont2,4
BasePop,,stringFont3,4
BasePop,,stringFont4,4
BasePop,0xA14,field_A14,4
BasePop,0xA18,field_A18,4
BasePop,0xA1C,field_A1C,4
BasePop,0xA20,field_A20,4
BasePop,0xA24,field_A24,4
BasePop,0xA28,heap,20
BasePop,0xA3C,field_A3C,4
BasePop,0xA40,field_A40,4
BasePop,0xA44,field_A44,4
BasePop,0xA48,field_A48,4
BasePop,0xA4C,field_A4C,4
BasePop,0xA50,field_A50,4
BasePop,0xA54,field_A54,4
BasePop,0xA58,field_A58,4
BasePop,0xA5C,flatButton1,2892
BasePop,0x15A8,flatButton2,2892
BasePop,0x20F4,field_20F4,4
BasePop,0x20F8,field_20F8,4
BasePop,0x20FC,field_20FC,4
BasePop,0x2100,field_2100,4
BasePop,0x2104,field_2104,4
BasePop,0x2108,field_2108,4
BasePop,0x210C,field_210C,4
BasePop,0x2110,field_2110,4
BasePop,0x2114,field_2114,4
BasePop,0x2118,sprite,44
BasePop,0x2144,field_2144,4
BasePop,0x2148,field_2148,4
BasePop,0x214C,field_214C,4
BasePop,0x2150,field_2150,4
BasePop,0x2154,field_2154,4
BasePop,0x2158,field_2158,4
BasePop,0x215C,field_215C,4
BasePop,0x2160,field_2160,4
BasePop,0x2164,field_2164,4
BasePop,0x2168,field_2168,4
BasePop,0x216C,field_216C,4
BasePop,0x2170,field_2170,4
BasePop,0x2174,field_2174,4
BasePop,0x2178,field_2178,4
BasePop,0x217C,field_217C,4
BasePop,0x2180,field_2180,4
BasePop,0x2184,field_2184,4
BasePop,0x2188,field_2188,4
BasePop,0x218C,field_218C,4
BasePop,0x2190,field_2190,4
BasePop,0x2194,field_2194,4
BasePop,0x2198,field_2198,4
BasePop,0x219C,field_219C,4
BasePop,0x21A0,field_21A0,4
BasePop,0x21A4,field_21A4,4
BasePop,0x21A8,field_21A8,4
BasePop,0x21AC,field_21AC,4
BasePop,0x21B0,field_21B0,4
BasePop,0x21B4,field_21B4,4
BasePop,0x21B8,field_21B8,4
BasePop,0x21BC,field_21BC,4
BasePop,0x21C0,field_21C0,4
BasePop,0x21C4,field_21C4,4
BasePop,0x21C8,field_21C8,4
BasePop,0x21CC,field_21CC,4
BasePop,0x21D0,dialogs,
BaseWindow,,(sizeof),
BaseWindow,0xA14,field_A14,4
BaseWindow,0xA18,field_A18,4
BaseWindow,0xA1C,field_A1C,4
BaseWindow,0xA20,field_A20,4
BaseWindow,0xA24,field_A24,4
BaseWindow,0xA28,field_A28,4
BaseWindow,0xA2C,field_A2C,4
BaseWindow,0xA30,field_A30,4
BaseWindow,0xA34,field_A34,4
BaseWindow,0xA38,field_A38,4
BaseWindow,0xA3C,field_A3C,4
BaseWindow,0xA40,field_A40,4
BaseWindow,0xA44,field_A44,4
BaseWindow,0xA48,field_A48,4
BaseWindow,0xA4C,field_A4C,4
BaseWindow,0xA50,field_A50,4
BaseWindow,0xA54,field_A54,4
BaseWindow,0xA58,field_A58,4
BaseWindow,0xA5C,field_A5C,4
BaseWindow,0xA60,field_A60,4
BaseWindow,0xA64,field_A64,4
BaseWindow,0xA68,field_A68,4
BaseWindow,0xA6C,field_A6C,4
BaseWindow,0xA70,field_A70,4
BaseWindow,0xA74,field_A74,4
BaseWindow,0xA78,field_A78,4
BaseWindow,0xA7C,field_A7C,4
BaseWindow,0xA80,field_A80,4
BaseWindow,0xA84,field_A84,4
BaseWindow,0xA88,field_A88,4
BaseWindow,0xA8C,field_A8C,4
BaseWindow,0xA90,field_A90,4
BaseWindow,0xA94,field_A94,4
BaseWindow,0xA98,field_A98,4
BaseWindow,0xA9C,field_A9C,4
BaseWindow,0xAA0,field_AA0,4
BaseWindow,0xAA4,field_AA4,4
BaseWindow,0xAA8,field_AA8,4
BaseWindow,0xAAC,field_AAC,4
BaseWindow,0xAB0,field_AB0,4
BaseWindow,0xAB4,field_AB4,4
BaseWindow,0xAB8,field_AB8,4
BaseWindow,0xABC,field_ABC,4
BaseWindow,0xAC0,field_AC0,4
BaseWindow,0xAC4,field_AC4,4
BaseWindow,0xAC8,field_AC8,4
BaseWindow,0xACC,field_ACC,4
BaseWindow,0xAD0,field_AD0,4
BaseWindow,0xAD4,field_AD4,4
BaseWindow,0xAD8,field_AD8,4
BaseWindow,0xADC,field_ADC,4
BaseWindow,0xAE0,field_AE0,4
BaseWindow,0xAE4,field_AE4,4
BaseWindow,0xAE8,field_AE8,4
BaseWindow,0xAEC,field_AEC,4
BaseWindow,0xAF0,field_AF0,4
BaseWindow,0xAF4,field_AF4,4
BaseWindow,0xAF8,field_AF8,4
BaseWindow,0xAFC,field_AFC,4
BaseWindow,0xB00,field_B00,4
BaseWindow,0xB04,field_B04,4
BaseWindow,0xB08,field_B08,4
BaseWindow,0xB0C,field_B0C,4
BaseWindow,0xB10,field_B10,4
BaseWindow,0xB14,field_B14,4
BaseWindow,0xB18,field_B18,4
BaseWindow,0xB1C,field_B1C,4
BaseWindow,0xB20,field_B20,4
BaseWindow,0xB24,field_B24,4
BaseWindow,0xB28,field_B28,4
BaseWindow,0xB2C,field_B2C,4
BaseWindow,0xB30,field_B30,4
BaseWindow,0xB34,field_B34,4
BaseWindow,0xB38,field_B38,4
BaseWindow,0xB3C,field_B3C,4
BaseWindow,0xB40,field_B40,4
BaseWindow,0xB44,field_B44,4
BaseWindow,0xB48,field_B48,4
BaseWindow,0xB4C,field_B4C,4
BaseWindow,0xB50,field_B50,4
BaseWindow,0xB54,field_B54,4
BaseWindow,0xB58,field_B58,4
BaseWindow,0xB5C,field_B5C,4
BaseWindow,0xB60,field_B60,4
BaseWindow,0xB64,field_B64,4
BaseWindow,0xB68,field_B68,4
BaseWindow,0xB6C,field_B6C,4
BaseWindow,0xB70,field_B70,4
BaseWindow,0xB74,field_B74,4
BaseWindow,0xB78,field_B78,4
BaseWindow,0xB7C,field_B7C,4
BaseWindow,0xB80,field_B80,4
BaseWindow,0xB84,field_B84,4
BaseWindow,0xB88,field_B88,4
BaseWindow,0xB8C,field_B8C,4
BaseWindow,0xB90,field_B90,4
BaseWindow,0xB94,field_B94,4
BaseWindow,0xB98,field_B98,4
BaseWindow,0xB9C,field_B9C,4
BaseWindow,0xBA0,field_BA0,4
BaseWindow,0xBA4,field_BA4,4
BaseWindow,0xBA8,field_BA8,4
BaseWindow,0xBAC,field_BAC,4
BaseWindow,0xBB0,field_BB0,4
BaseWindow,0xBB4,field_BB4,4
BaseWindow,0xBB8,field_BB8,4
BaseWindow,0xBBC,field_BBC,4
BaseWindow,0xBC0,field_BC0,4
BaseWindow,0xBC4,field_BC4,4
BaseWindow,0xBC8,field_BC8,4
BaseWindow,0xBCC,field_BCC,4
BaseWindow,0xBD0,field_BD0,4
BaseWindow,0xBD4,field_BD4,4
BaseWindow,0xBD8,field_BD8,4
BaseWindow,0xBDC,field_BDC,4
BaseWindow,0xBE0,field_BE0,4
BaseWindow,0xBE4,field_BE4,4
BaseWindow,0xBE8,field_BE8,4
BaseWindow,0xBEC,field_BEC,4
BaseWindow,0xBF0,field_BF0,4
BaseWindow,0xBF4,field_BF4,4
BaseWindow,0xBF8,field_BF8,4
BaseWindow,0xBFC,field_BFC,4
BaseWindow,0xC00,field_C00,4
BaseWindow,0xC04,field_C04,4
BaseWindow,0xC08,field_C08,4
BaseWindow,0xC0C,field_C0C,4
BaseWindow,0xC10,field_C10,4
BaseWindow,0xC14,field_C14,4
BaseWindow,0xC18,field_C18,4
BaseWindow,0xC1C,field_C1C,4
BaseWindow,0xC20,field_C20,4
BaseWindow,0xC24,field_C24,4
BaseWindow,0xC28,field_C28,4
BaseWindow,0xC2C,field_C2C,4
BaseWindow,0xC30,field_C30,4
BaseWindow,0xC34,field_C34,4
BaseWindow,0xC38,field_C38,4
BaseWindow,0xC3C,field_C3C,4
BaseWindow,0xC40,field_C40,4
BaseWindow,0xC44,field_C44,4
BaseWindow,0xC48,field_C48,4
BaseWindow,0xC4C,field_C4C,4
BaseWindow,0xC50,field_C50,4
BaseWindow,0xC54,field_C54,4
BaseWindow,0xC58,field_C58,4
BaseWindow,0xC5C,field_C5C,4
BaseWindow,0xC60,field_C60,4
BaseWindow,0xC64,field_C64,4
BaseWindow,0xC68,field_C68,4
BaseWindow,0xC6C,field_C6C,4
BaseWindow,0xC70,field_C70,4
BaseWindow,0xC74,field_C74,4
BaseWindow,0xC78,field_C78,4
BaseWindow,0xC7C,field_C7C,4
BaseWindow,0xC80,field_C80,4
BaseWindow,0xC84,field_C84,4
BaseWindow,0xC88,field_C88,4
BaseWindow,0xC8C,field_C8C,4
BaseWindow,0xC90,field_C90,4
BaseWindow,0xC94,field_C94,4
BaseWindow,0xC98,field_C98,4
BaseWindow,0xC9C,field_C9C,4
BaseWindow,0xCA0,field_CA0,4
BaseWindow,0xCA4,field_CA4,4
BaseWindow,0xCA8,field_CA8,4
BaseWindow,0xCAC,field_CAC,4
BaseWindow,0xCB0,field_CB0,4
BaseWindow,0xCB4,field_CB4,4
BaseWindow,0xCB8,field_CB8,4
BaseWindow,0xCBC,field_CBC,4
BaseWindow,0xCC0,field_CC0,4
BaseWindow,0xCC4,field_CC4,4
BaseWindow,0xCC8,field_CC8,4
BaseWindow,0xCCC,field_CCC,4
BaseWindow,0xCD0,field_CD0,4
BaseWindow,0xCD4,field_CD4,4
BaseWindow,0xCD8,field_CD8,4
BaseWindow,0xCDC,field_CDC,4
BaseWindow,0xCE0,field_CE0,4
BaseWindow,0xCE4,field_CE4,4
BaseWindow,0xCE8,field_CE8,4
BaseWindow,0xCEC,field_CEC,4
BaseWindow,0xCF0,field_CF0,4
BaseWindow,0xCF4,field_CF4,4
BaseWindow,0xCF8,field_CF8,4
BaseWindow,0xCFC,field_CFC,4
BaseWindow,0xD00,field_D00,4
BaseWindow,0xD04,field_D04,4
BaseWindow,0xD08,field_D08,4
BaseWindow,0xD0C,field_D0C,4
BaseWindow,0xD10,field_D10,4
BaseWindow,0xD14,field_D14,4
BaseWindow,0xD18,field_D18,4
BaseWindow,0xD1C,field_D1C,4
BaseWindow,0xD20,field_D20,4
BaseWindow,0xD24,field_D24,4
BaseWindow,0xD28,field_D28,4
BaseWindow,0xD2C,field_D2C,4
BaseWindow,0xD30,field_D30,4
BaseWindow,0xD34,field_D34,4
BaseWindow,0xD38,field_D38,4
BaseWindow,0xD3C,field_D3C,4
BaseWindow,0xD40,field_D40,4
BaseWindow,0xD44,field_D44,4
BaseWindow,0xD48,field_D48,4
BaseWindow,0xD4C,field_D4C,4
BaseWindow,0xD50,field_D50,4
BaseWindow,0xD54,field_D54,4
BaseWindow,0xD58,field_D58,4
BaseWindow,0xD5C,field_D5C,4
BaseWindow,0xD60,field_D60,4
BaseWindow,0xD64,field_D64,4
BaseWindow,0xD68,field_D68,4
BaseWindow,0xD6C,field_D6C,4
BaseWindow,0xD70,field_D70,4
BaseWindow,0xD74,field_D74,4
BaseWindow,0xD78,field_D78,4
BaseWindow,0xD7C,field_D7C,4
BaseWindow,0xD80,field_D80,4
BaseWindow,0xD84,field_D84,4
BaseWindow,0xD88,field_D88,4
BaseWindow,0xD8C,field_D8C,4
BaseWindow,0xD90,field_D90,4
BaseWindow,0xD94,field_D94,4
BaseWindow,0xD98,field_D98,4
BaseWindow,0xD9C,field_D9C,4
BaseWindow,0xDA0,field_DA0,4
BaseWindow,0xDA4,field_DA4,4
BaseWindow,0xDA8,field_DA8,4
BaseWindow,0xDAC,field_DAC,4
BaseWindow,0xDB0,field_DB0,4
BaseWindow,0xDB4,field_DB4,4
BaseWindow,0xDB8,field_DB8,4
BaseWindow,0xDBC,field_DBC,4
BaseWindow,0xDC0,field_DC0,4
BaseWindow,0xDC4,field_DC4,4
BaseWindow,0xDC8,field_DC8,4
BaseWindow,0xDCC,field_DCC,4
BaseWindow,0xDD0,field_DD0,4
BaseWindow,0xDD4,field_DD4,4
BaseWindow,0xDD8,field_DD8,4
BaseWindow,0xDDC,field_DDC,4
BaseWindow,0xDE0,field_DE0,4
BaseWindow,0xDE4,field_DE4,4
BaseWindow,0xDE8,field_DE8,4
BaseWindow,0xDEC,field_DEC,4
BaseWindow,0xDF0,field_DF0,4
BaseWindow,0xDF4,field_DF4,4
BaseWindow,0xDF8,field_DF8,4
BaseWindow,0xDFC,field_DFC,4
BaseWindow,0xE00,field_E00,4
BaseWindow,0xE04,field_E04,4
BaseWindow,0xE08,field_E08,4
BaseWindow,0xE0C,field_E0C,4
BaseWindow,0xE10,field_E10,4
BaseWindow,0xE14,field_E14,4
BaseWindow,0xE18,field_E18,4
BaseWindow,0xE1C,field_E1C,4
BaseWindow,0xE20,field_E20,4
BaseWindow,0xE24,field_E24,4
BaseWindow,0xE28,field_E28,4
BaseWindow,0xE2C,field_E2C,4
BaseWindow,0xE30,field_E30,4
BaseWindow,0xE34,field_E34,4
BaseWindow,0xE38,field_E38,4
BaseWindow,0xE3C,field_E3C,4
BaseWindow,0xE40,field_E40,4
BaseWindow,0xE44,field_E44,4
BaseWindow,0xE48,field_E48,4
BaseWindow,0xE4C,field_E4C,4
BaseWindow,0xE50,field_E50,4
BaseWindow,0xE54,field_E54,4
BaseWindow,0xE58,field_E58,4
BaseWindow,0xE5C,field_E5C,4
BaseWindow,0xE60,field_E60,4
BaseWindow,0xE64,field_E64,4
BaseWindow,0xE68,field_E68,4
BaseWindow,0xE6C,field_E6C,4
BaseWindow,0xE70,field_E70,4
BaseWindow,0xE74,field_E74,4
BaseWindow,0xE78,field_E78,4
BaseWindow,0xE7C,field_E7C,4
BaseWindow,0xE80,field_E80,4
BaseWindow,0xE84,field_E84,4
BaseWindow,0xE88,field_E88,4
BaseWindow,0xE8C,field_E8C,4
BaseWindow,0xE90,field_E90,4
BaseWindow,0xE94,field_E94,4
BaseWindow,0xE98,field_E98,4
BaseWindow,0xE9C,field_E9C,4
BaseWindow,0xEA0,field_EA0,4
BaseWindow,0xEA4,field_EA4,4
BaseWindow,0xEA8,field_EA8,4
BaseWindow,0xEAC,field_EAC,4
BaseWindow,0xEB0,field_EB0,4
BaseWindow,0xEB4,field_EB4,4
BaseWindow,0xEB8,field_EB8,4
BaseWindow,0xEBC,field_EBC,4
BaseWindow,0xEC0,field_EC0,4
BaseWindow,0xEC4,field_EC4,4
BaseWindow,0xEC8,field_EC8,4
BaseWindow,0xECC,field_ECC,4
BaseWindow,0xED0,field_ED0,4
BaseWindow,0xED4,field_ED4,4
BaseWindow,0xED8,field_ED8,4
BaseWindow,0xEDC,field_EDC,4
BaseWindow,0xEE0,field_EE0,4
BaseWindow,0xEE4,field_EE4,4
BaseWindow,0xEE8,field_EE8,4
BaseWindow,0xEEC,field_EEC,4
BaseWindow,0xEF0,field_EF0,4
BaseWindow,0xEF4,field_EF4,4
BaseWindow,0xEF8,field_EF8,4
BaseWindow,0xEFC,field_EFC,4
BaseWindow,0xF00,field_F00,4
BaseWindow,0xF04,field_F04,4
BaseWindow,0xF08,field_F08,4
BaseWindow,0xF0C,field_F0C,4
BaseWindow,0xF10,field_F10,4
BaseWindow,0xF14,field_F14,4
BaseWindow,0xF18,field_F18,4
BaseWindow,0xF1C,field_F1C,4
BaseWindow,0xF20,field_F20,4
BaseWindow,0xF24,field_F24,4
BaseWindow,0xF28,field_F28,4
BaseWindow,0xF2C,field_F2C,4
BaseWindow,0xF30,field_F30,4
BaseWindow,0xF34,field_F34,4
BaseWindow,0xF38,field_F38,4
BaseWindow,0xF3C,field_F3C,4
BaseWindow,0xF40,field_F40,4
BaseWindow,0xF44,field_F44,4
BaseWindow,0xF48,field_F48,4
BaseWindow,0xF4C,field_F4C,4
BaseWindow,0xF50,field_F50,4
BaseWindow,0xF54,field_F54,4
BaseWindow,0xF58,field_F58,4
BaseWindow,0xF5C,field_F5C,4
BaseWindow,0xF60,field_F60,4
BaseWindow,0xF64,field_F64,4
BaseWindow,0xF68,field_F68,4
BaseWindow,0xF6C,field_F6C,4
BaseWindow,0xF70,field_F70,4
BaseWindow,0xF74,field_F74,4
BaseWindow,0xF78,field_F78,4
BaseWindow,0xF7C,field_F7C,4
BaseWindow,0xF80,field_F80,4
BaseWindow,0xF84,field_F84,4
BaseWindow,0xF88,field_F88,4
BaseWindow,0xF8C,field_F8C,4
BaseWindow,0xF90,field_F90,4
BaseWindow,0xF94,field_F94,4
BaseWindow,0xF98,field_F98,4
BaseWindow,0xF9C,field_F9C,4
BaseWindow,0xFA0,field_FA0,4
BaseWindow,0xFA4,field_FA4,4
BaseWindow,0xFA8,field_FA8,4
BaseWindow,0xFAC,field_FAC,4
BaseWindow,0xFB0,field_FB0,4
BaseWindow,0xFB4,field_FB4,4
BaseWindow,0xFB8,field_FB8,4
BaseWindow,0xFBC,field_FBC,4
BaseWindow,0xFC0,field_FC0,4
BaseWindow,0xFC4,field_FC4,4
BaseWindow,0xFC8,field_FC8,4
BaseWindow,0xFCC,field_FCC,4
BaseWindow,0xFD0,field_FD0,4
BaseWindow,0xFD4,field_FD4,4
BaseWindow,0xFD8,field_FD8,4
BaseWindow,0xFDC,field_FDC,4
BaseWindow,0xFE0,field_FE0,4
BaseWindow,0xFE4,field_FE4,4
BaseWindow,0xFE8,field_FE8,4
BaseWindow,0xFEC,field_FEC,4
BaseWindow,0xFF0,field_FF0,4
BaseWindow,0xFF4,field_FF4,4
BaseWindow,0xFF8,field_FF8,4
BaseWindow,0xFFC,field_FFC,4
BaseWindow,0x1000,field_1000,4096
BaseWindow,0x2000,field_2000,4096
BaseWindow,0x3000,field_3000,4096
BaseWindow,0x4000,field_4000,4096
BaseWindow,0x5000,field_5000,4096
BaseWindow,0x6000,field_6000,4096
BaseWindow,0x7000,field_7000,4096
BaseWindow,0x8000,field_8000,4096
BaseWindow,0x9000,field_9000,4096
BaseWindow,0xA000,field_A000,4096
BaseWindow,0xB000,field_B000,4096
BaseWindow,0xC000,field_C000,4096
BaseWindow,0xD000,field_D000,4096
BaseWindow,0xE000,field_E000,4096
BaseWindow,0xF000,field_F000,4096
BaseWindow,0x10000,field_10000,4096
BaseWindow,0x11000,field_11000,4096
BaseWindow,0x12000,field_12000,4096
BaseWindow,0x13000,field_13000,4096
BaseWindow,0x14000,field_14000,4096
BaseWindow,0x15000,field_15000,4096
BaseWindow,0x16000,field_16000,4096
BaseWindow,0x17000,field_17000,4096
BaseWindow,0x18000,field_18000,4096
BaseWindow,0x19000,field_19000,4096
BaseWindow,0x1A000,field_1A000,4096
BaseWindow,0x1B000,field_1B000,4096
BaseWindow,0x1C000,field_1C000,4096
BaseWindow,0x1D000,field_1D000,4096
BaseWindow,0x1E000,field_1E000,1652
BaseWindow,0x1E674,oRender,
BattleWindow,,(sizeof),
BattleWindow,,field_2C,4
BattleWindow,,field_30,16
BattleWindow,,field_40,16
BattleWindow,,field_50,16
BattleWindow,,field_60,16
BattleWindow,,field_70,16
BattleWindow,,field_80,4
BattleWindow,,field_84,4
BattleWindow,,field_88,4
BattleWindow,,field_8C,4
BattleWindow,,field_90,16
BattleWindow,,time,40
Buffer,,(sizeof),
Buffer,,apHeapMem,80
Buffer,,cPaletteOffset,4
Buffer,,color2Val1,4
Buffer,,color2Val2,4
Buffer,,color2Val3,4
Buffer,,color2Val4,4
Buffer,,color3Val1,4
Buffer,,color3Val2,4
Buffer,,color3Val3,4
Buffer,,color3Val4,4
Buffer,,colorVal1,4
Buffer,,colorVal2,4
Buffer,,colorVal3,4
Buffer,,colorVal4,4
Buffer,,colorhyperVal1,4
Buffer,,colorhyperVal2,4
Buffer,,colorhyperVal3,4
Buffer,,colorhyperVal4,4
Buffer,,dib,1024
Buffer,,dword10,4
Buffer,,dword14,4
Buffer,,dword18,4
Buffer,,dword50C,4
Buffer,,dword510,4
Buffer,,dword514,4
Buffer,,dword518,4
Buffer,,dword520,4
Buffer,,dword524,4
Buffer,,dword528,4
Buffer,,dwordC,4
Buffer,,fHasPalette,4
Buffer,,font1,4
Buffer,,font2,4
Buffer,,font3,4
Buffer,,font4,4
Buffer,,hbmBitmap,4
Buffer,,hbmBitmapOld,4
Buffer,,hdcCompatible,4
Buffer,,hdcSurface,4
Buffer,,hrgnMainRegion,4
Buffer,,iDDSSurfaceRefCount,4
Buffer,,iFlags,4
Buffer,,iHdcSurfaceRefCounter,4
Buffer,,iHyperlinkCount,4
Buffer,,iParseCharType,4
Buffer,,lPitch,4
Buffer,,oHitBoxList,
Buffer,,pPalette,4
Buffer,,pcDIBBits,4
Buffer,,pcSurfaceBits,4
Buffer,,ppddcClipper,4
Buffer,,ppddsSurface,4
Buffer,,stBitMapInfo,
Buffer,,stRect,48
Buffer,0x0,vtable,4
Buffer,0x4,poOwner,4
ButtonGroup,0x0,buttons,128
ButtonGroup,0x80,btnCount,4
ButtonGroup,0x84,field_84,4
ButtonGroup,0x88,field_88,4
ButtonGroup,0x8C,field_8C,4
ButtonGroup,0x90,field_90,4
ButtonGroup,0x94,(sizeof),
CAbility,,(sizeof),
CAbility,0x0,name,4
CAbility,0x4,description,4
CAbility,0x8,abbreviation,4
CAbility,0xC,cost,4
CAbility,0x10,unk_1,4
CAbility,0x14,flags,4
CAbility,0x18,preq_tech,2
CAbility,0x1A,pad,2
CArmor,0x0,name,4
CArmor,0x4,name_short,4
CArmor,0x8,defense_value,1
CArmor,0x9,mode,1
CArmor,0xA,cost,1
CArmor,0xB,padding1,1
CArmor,0xC,preq_tech,2
CArmor,0xE,padding2,2
CArmor,0x10,(sizeof),
CBonusName,0x0,key,24
CBonusName,0x18,(sizeof),
CChassis,0x0,offsv1_name,4
CChassis,0x4,offsv2_name,4
CChassis,0x8,offsv_name_lrg,4
CChassis,0xC,defsv1_name,4
CChassis,0x10,defsv2_name,4
CChassis,0x14,defsv_name_lrg,4
CChassis,0x18,offsv1_gender,4
CChassis,0x1C,offsv2_gender,4
CChassis,0x20,offsv_gender_lrg,4
CChassis,0x24,defsv1_gender,4
CChassis,0x28,defsv2_gender,4
CChassis,0x2C,defsv_gender_lrg,4
CChassis,0x30,offsv1_is_plural,4
CChassis,0x34,offsv2_is_plural,4
CChassis,0x38,offsv_is_plural_lrg,4
CChassis,0x3C,defsv1_is_plural,4
CChassis,0x40,defsv2_is_plural,4
CChassis,0x44,defsv_is_plural_lrg,4
CChassis,0x48,speed,1
CChassis,0x49,triad,1
CChassis,0x4A,range,1
CChassis,0x4B,cargo,1
CChassis,0x4C,cost,1
CChassis,0x4D,missile,1
CChassis,0x4E,sprite_flag_x_coord,8
CChassis,0x56,sprite_flag_y_coord,8
CChassis,0x5E,sprite_unk1_x_coord,8
CChassis,0x66,sprite_unk1_y_coord,8
CChassis,0x6E,sprite_unk2_x_coord,8
CChassis,0x76,sprite_unk2_y_coord,8
CChassis,0x7E,sprite_unk3_x_coord,8
CChassis,0x86,sprite_unk3_y_coord,8
CChassis,0x8E,preq_tech,2
CChassis,0x90,(sizeof),
CCitizen,0x0,singular_name,4
CCitizen,0x4,plural_name,4
CCitizen,0x8,preq_tech,4
CCitizen,0xC,obsol_tech,4
CCitizen,0x10,econ_bonus,4
CCitizen,0x14,psych_bonus,4
CCitizen,0x18,labs_bonus,4
CCitizen,0x1C,(sizeof),
CClass3B,0x0,oWinBuffed,2580
CClass3B,0xA14,field_A14,4
CClass3B,0xA18,field_A18,4
CClass3B,0xA1C,oTimer1,40
CClass3B,0xA44,field_A44,4
CClass3B,0xA48,field_A48,4
CClass3B,0xA4C,oTimer2,40
CClass3B,0xA74,field_A74,4
CClass3B,0xA78,field_A78,4
CClass3B,0xA7C,field_A7C,4
CClass3B,0xA80,field_A80,4
CClass3B,0xA84,field_A84,4
CClass3B,0xA88,field_A88,4
CClass3B,0xA8C,field_A8C,4
CClass3B,0xA90,field_A90,4
CClass3B,0xA94,field_A94,4
CClass3B,0xA98,field_A98,4
CClass3B,0xA9C,field_A9C,4
CClass3B,0xAA0,field_AA0,4
CClass3B,0xAA4,field_AA4,4
CClass3B,0xAA8,field_AA8,4
CClass3B,0xAAC,field_AAC,4
CClass3B,0xAB0,field_AB0,4
CClass3B,0xAB4,field_AB4,4
CClass3B,0xAB8,field_AB8,4
CClass3B,0xABC,(sizeof),
CCombatMode,0x0,name,4
CCombatMode,0x4,hyphened,4
CCombatMode,0x8,abbrev,4
CCombatMode,0xC,letter,4
CCombatMode,0x10,(sizeof),
CEnergy,0x0,abbrev,4
CEnergy,0x4,name,4
CEnergy,0x8,(sizeof),
CFacility,0x0,name,4
CFacility,0x4,effect,4
CFacility,0x8,pad,4
CFacility,0xC,cost,4
CFacility,0x10,maint,4
CFacility,0x14,preq_tech,4
CFacility,0x18,free_tech,4
CFacility,0x1C,AI_fight,4
CFacility,0x20,AI_growth,4
CFacility,0x24,AI_tech,4
CFacility,0x28,AI_wealth,4
CFacility,0x2C,AI_power,4
CFacility,0x30,(sizeof),
CList,0x0,vtable,4
CList,0x4,pFirst,4
CList,0x8,pCurrent,4
CList,0xC,iCount,4
CList,0x10,iCurrent,4
CList,0x14,poMemAllocator,4
CList,0x18,(sizeof),
CListItem,0x0,field_0,4
CListItem,0x4,pItem,4
CListItem,0x8,p4Alloced,4
CListItem,0xC,pPrev,4
CListItem,0x10,pNext,4
CListItem,0x14,field_14,4
CListItem,0x18,field_18,4
CListItem,0x1C,(sizeof),
CMainMenuItem,0x0,iMenuItemID,4
CMainMenuItem,0x4,pszCaption,4
CMainMenuItem,0x8,iFlags,4
CMainMenuItem,0xC,pszHotKey,4
CMainMenuItem,0x10,poSubMenu,4
CMainMenuItem,0x14,(sizeof),
CMandate,0x0,name,4
CMandate,0x4,name_caps,4
CMandate,0x8,(sizeof),
CMenu,,(sizeof),
CMenu,0x0,field_0,2580
CMenu,,field_F18,4
CMenu,,field_F1C,4
CMenu,,field_F28,4
CMenu,,field_F30,4
CMenu,,field_F34,4
CMenu,,field_F38,4
CMenu,,field_F3C,4
CMenu,,iMenuItemCount,4
CMenu,,iVisibleItemCount,4
CMenu,,iWidth,4
CMenu,0xA14,field_A14,4
CMenu,0xA18,aMenuItems,
CMenuItem,0x0,pszCaption,4
CMenuItem,0x4,pszHotKey,4
CMenuItem,0x8,iMenuID,4
CMenuItem,0xC,iFlag,4
CMenuItem,0x10,field_10,4
CMenuItem,0x14,(sizeof),
CMight,0x0,adj_start,4
CMight,0x4,adj,4
CMight,0x8,(sizeof),
CMorale,0x0,name,4
CMorale,0x4,name_lifecycle,4
CMorale,0x8,(sizeof),
CNatural,0x0,name,4
CNatural,0x4,name_short,4
CNatural,0x8,(sizeof),
COrder,0x0,order,4
COrder,0x4,order_sea,4
COrder,0x8,letter,4
COrder,0xC,(sizeof),
CProposal,0x0,name,4
CProposal,0x4,description,4
CProposal,0x8,preq_tech,4
CProposal,0xC,(sizeof),
CReactor,0x0,name,4
CReactor,0x4,name_short,4
CReactor,0x8,preq_tech,2
CReactor,0xA,power,2
CReactor,0xC,(sizeof),
CResourceInfo,,(sizeof),
CResourceInfo,,base_sq,
CResourceInfo,,bonus_sq,
CResourceInfo,,borehole_sq,
CResourceInfo,,forest_sq,
CResourceInfo,,improved_land,
CResourceInfo,,improved_sea,
CResourceInfo,,monolith_sq,
CResourceInfo,0x0,ocean_sq,
CResourceInfo,,recycling_tanks,
CResourceName,0x0,name_singular,4
CResourceName,0x4,name_plural,4
CResourceName,0x8,(sizeof),
CRules,0x0,move_rate_roads,4
CRules,0x4,nutrient_intake_req_citizen,4
CRules,0x8,max_airdrop_rng_wo_orbital_insert,4
CRules,0xC,artillery_max_rng,4
CRules,0x10,artillery_dmg_numerator,4
CRules,0x14,artillery_dmg_denominator,4
CRules,0x18,nutrient_cost_multi,4
CRules,0x1C,mineral_cost_multi,4
CRules,0x20,tech_discovery_rate,4
CRules,0x24,limit_mineral_inc_for_mine_wo_road,4
CRules,0x28,nutrient_effect_mine_sq,4
CRules,0x2C,min_base_size_specialists,4
CRules,0x30,drones_induced_genejack_factory,4
CRules,0x34,pop_limit_wo_hab_complex,4
CRules,0x38,pop_limit_wo_hab_dome,4
CRules,0x3C,tech_preq_improv_fungus,4
CRules,0x40,tech_preq_ease_fungus_mov,4
CRules,0x44,tech_preq_build_road_fungus,4
CRules,0x48,tech_preq_allow_2_spec_abil,4
CRules,0x4C,tech_preq_allow_3_nutrients_sq,4
CRules,0x50,tech_preq_allow_3_minerals_sq,4
CRules,0x54,tech_preq_allow_3_energy_sq,4
CRules,0x58,extra_cost_prototype_land,4
CRules,0x5C,extra_cost_prototype_sea,4
CRules,0x60,extra_cost_prototype_air,4
CRules,0x64,psi_combat_ratio_atk,12
CRules,0x70,psi_combat_ratio_def,12
CRules,0x7C,starting_energy_reserve,4
CRules,0x80,combat_bonus_intrinsic_base_def,4
CRules,0x84,combat_bonus_atk_road,4
CRules,0x88,combat_bonus_atk_higher_elevation,4
CRules,0x8C,combat_penalty_atk_lower_elevation,4
CRules,0x90,tech_preq_orb_insert_wo_space,4
CRules,0x94,min_turns_between_councils,4
CRules,0x98,minerals_harvesting_forest,4
CRules,0x9C,territory_max_dist_base,4
CRules,0xA0,turns_corner_global_energy_market,4
CRules,0xA4,tech_preq_mining_platform_bonus,4
CRules,0xA8,tech_preq_economic_victory,4
CRules,0xAC,combat_penalty_atk_airdrop,4
CRules,0xB0,combat_bonus_fanatic,4
CRules,0xB4,combat_land_vs_sea_artillery,4
CRules,0xB8,combat_artillery_bonus_altitude,4
CRules,0xBC,combat_mobile_open_ground,4
CRules,0xC0,combat_mobile_def_in_rough,4
CRules,0xC4,combat_bonus_trance_vs_psi,4
CRules,0xC8,combat_bonus_empath_song_vs_psi,4
CRules,0xCC,combat_infantry_vs_base,4
CRules,0xD0,combat_penalty_air_supr_vs_ground,4
CRules,0xD4,combat_bonus_air_supr_vs_air,4
CRules,0xD8,combat_penalty_non_combat_vs_combat,4
CRules,0xDC,combat_comm_jammer_vs_mobile,4
CRules,0xE0,combat_bonus_vs_ship_port,4
CRules,0xE4,combat_aaa_bonus_vs_air,4
CRules,0xE8,combat_defend_sensor,4
CRules,0xEC,combat_psi_bonus_per_planet,4
CRules,0xF0,retool_strictness,4
CRules,0xF4,retool_penalty_prod_change,4
CRules,0xF8,retool_exemption,4
CRules,0xFC,tgl_probe_steal_tech,4
CRules,0x100,tgl_humans_always_contact_net,4
CRules,0x104,tgl_humans_always_contact_pbem,4
CRules,0x108,max_dmg_percent_arty_base_bunker,4
CRules,0x10C,max_dmg_percent_arty_open,4
CRules,0x110,max_dmg_percent_arty_sea,4
CRules,0x114,freq_global_warming_numerator,4
CRules,0x118,freq_global_warming_denominator,4
CRules,0x11C,normal_start_year,4
CRules,0x120,normal_end_year_low_three_diff,4
CRules,0x124,normal_end_year_high_three_diff,4
CRules,0x128,tgl_oblit_base_atrocity,4
CRules,0x12C,base_size_subspace_gen,4
CRules,0x130,subspace_gen_req,4
CRules,0x134,(sizeof),
CSocialCategory,0x0,politics,4
CSocialCategory,0x4,economics,4
CSocialCategory,0x8,values,4
CSocialCategory,0xC,future,4
CSocialCategory,0x10,(sizeof),
CSocialEffect,0x0,economy,4
CSocialEffect,0x4,efficiency,4
CSocialEffect,0x8,support,4
CSocialEffect,0xC,talent,4
CSocialEffect,0x10,morale,4
CSocialEffect,0x14,police,4
CSocialEffect,0x18,growth,4
CSocialEffect,0x1C,planet,4
CSocialEffect,0x20,probe,4
CSocialEffect,0x24,industry,4
CSocialEffect,0x28,research,4
CSocialEffect,0x2C,(sizeof),
CSocialField,,(sizeof),
CSocialField,0x0,field_name,4
CSocialField,0x4,soc_preq_tech,16
CSocialField,0x14,soc_name,16
CSocialField,0x24,soc_effect,
CSocialParam,0x0,set1,24
CSocialParam,0x18,set2,24
CSocialParam,0x30,padding,56
CSocialParam,0x68,(sizeof),
CTech,0x0,flags,4
CTech,0x4,name,4
CTech,0x8,short_name,8
CTech,0x10,padding,4
CTech,0x14,AI_growth,4
CTech,0x18,AI_tech,4
CTech,0x1C,AI_wealth,4
CTech,0x20,AI_power,4
CTech,0x24,preq_tech1,4
CTech,0x28,preq_tech2,4
CTech,0x2C,(sizeof),
CTerraform,0x0,name,4
CTerraform,0x4,name_sea,4
CTerraform,0x8,preq_tech,4
CTerraform,0xC,preq_tech_sea,4
CTerraform,0x10,bit,4
CTerraform,0x14,bit_incompatible,4
CTerraform,0x18,rate,4
CTerraform,0x1C,shortcuts,4
CTerraform,0x20,(sizeof),
CTimeControl,0x0,name,4
CTimeControl,0x4,turn,4
CTimeControl,0x8,base,4
CTimeControl,0xC,unit,4
CTimeControl,0x10,event,4
CTimeControl,0x14,extra,4
CTimeControl,0x18,refresh,4
CTimeControl,0x1C,accumulated,4
CTimeControl,0x20,(sizeof),
CWeapon,0x0,name,4
CWeapon,0x4,name_short,4
CWeapon,0x8,offense_value,1
CWeapon,0x9,icon,1
CWeapon,0xA,mode,1
CWeapon,0xB,cost,1
CWeapon,0xC,preq_tech,2
CWeapon,0xE,padding,2
CWeapon,0x10,(sizeof),
CWorldbuilder,0x0,land_base,4
CWorldbuilder,0x4,land_mod,4
CWorldbuilder,0x8,continent_base,4
CWorldbuilder,0xC,continent_mod,4
CWorldbuilder,0x10,hills_base,4
CWorldbuilder,0x14,hills_mod,4
CWorldbuilder,0x18,plateau_base,4
CWorldbuilder,0x1C,plateau_mod,4
CWorldbuilder,0x20,rivers_base,4
CWorldbuilder,0x24,rivers_rain_mod,4
CWorldbuilder,0x28,solar_energy,4
CWorldbuilder,0x2C,thermal_band,4
CWorldbuilder,0x30,thermal_deviance,4
CWorldbuilder,0x34,global_warming,4
CWorldbuilder,0x38,sea_level_rises,4
CWorldbuilder,0x3C,cloudmass_peaks,4
CWorldbuilder,0x40,cloudmass_hills,4
CWorldbuilder,0x44,rainfall_coeff,4
CWorldbuilder,0x48,deep_water,4
CWorldbuilder,0x4C,shelf,4
CWorldbuilder,0x50,plains,4
CWorldbuilder,0x54,beach,4
CWorldbuilder,0x58,hills,4
CWorldbuilder,0x5C,peaks,4
CWorldbuilder,0x60,fungus,4
CWorldbuilder,0x64,cont_size_ratio1,4
CWorldbuilder,0x68,cont_size_ratio2,4
CWorldbuilder,0x6C,cont_size_ratio3,4
CWorldbuilder,0x70,cont_size_ratio4,4
CWorldbuilder,0x74,cont_size_ratio5,4
CWorldbuilder,0x78,islands,4
CWorldbuilder,0x7C,(sizeof),
Caviar,0x0,field_0,4
Caviar,0x4,field_4,4
Caviar,0x8,field_8,4
Caviar,0xC,field_C,4
Caviar,0x10,field_10,4
Caviar,0x14,field_14,4
Caviar,0x18,field_18,4
Caviar,0x1C,field_1C,4
Caviar,0x20,field_20,4
Caviar,0x24,field_24,4
Caviar,0x28,field_28,4
Caviar,0x2C,field_2C,4
Caviar,0x30,field_30,4
Caviar,0x34,field_34,4
Caviar,0x38,field_38,4
Caviar,0x3C,field_3C,4
Caviar,0x40,field_40,4
Caviar,0x44,field_44,4
Caviar,0x48,field_48,4
Caviar,0x4C,field_4C,4
Caviar,0x50,field_50,4
Caviar,0x54,field_54,4
Caviar,0x58,field_58,4
Caviar,0x5C,field_5C,4
Caviar,0x60,field_60,4
Caviar,0x64,field_64,4
Caviar,0x68,field_68,4
Caviar,0x6C,field_6C,4
Caviar,0x70,field_70,4
Caviar,0x74,field_74,4
Caviar,0x78,field_78,4
Caviar,0x7C,field_7C,4
Caviar,0x80,field_80,4
Caviar,0x84,field_84,4
Caviar,0x88,field_88,4
Caviar,0x8C,field_8C,4
Caviar,0x90,field_90,4
Caviar,0x94,field_94,4
Caviar,0x98,field_98,4
Caviar,0x9C,field_9C,4
Caviar,0xA0,field_A0,4
Caviar,0xA4,field_A4,4
Caviar,0xA8,field_A8,4
Caviar,0xAC,field_AC,4
Caviar,0xB0,field_B0,4
Caviar,0xB4,field_B4,4
Caviar,0xB8,field_B8,4
Caviar,0xBC,field_BC,4
Caviar,0xC0,field_C0,4
Caviar,0xC4,field_C4,4
Caviar,0xC8,field_C8,4
Caviar,0xCC,field_CC,4
Caviar,0xD0,field_D0,4
Caviar,0xD4,field_D4,4
Caviar,0xD8,field_D8,4
Caviar,0xDC,field_DC,4
Caviar,0xE0,field_E0,4
Caviar,0xE4,field_E4,4
Caviar,0xE8,field_E8,4
Caviar,0xEC,field_EC,4
Caviar,0xF0,field_F0,4
Caviar,0xF4,field_F4,4
Caviar,0xF8,field_F8,4
Caviar,0xFC,field_FC,4
Caviar,0x100,field_100,4
Caviar,0x104,field_104,4
Caviar,0x108,field_108,4
Caviar,0x10C,field_10C,4
Caviar,0x110,field_110,4
Caviar,0x114,field_114,4
Caviar,0x118,field_118,4
Caviar,0x11C,field_11C,4
Caviar,0x120,field_120,4
Caviar,0x124,field_124,4
Caviar,0x128,field_128,4
Caviar,0x12C,field_12C,4
Caviar,0x130,field_130,4
Caviar,0x134,field_134,4
Caviar,0x138,field_138,4
Caviar,0x13C,field_13C,4
Caviar,0x140,field_140,4
Caviar,0x144,field_144,4
Caviar,0x148,field_148,4
Caviar,0x14C,field_14C,4
Caviar,0x150,field_150,4
Caviar,0x154,field_154,4
Caviar,0x158,field_158,4
Caviar,0x15C,field_15C,4
Caviar,0x160,field_160,4
Caviar,0x164,field_164,4
Caviar,0x168,field_168,4
Caviar,0x16C,field_16C,4
Caviar,0x170,field_170,4
Caviar,0x174,field_174,4
Caviar,0x178,field_178,4
Caviar,0x17C,field_17C,4
Caviar,0x180,field_180,4
Caviar,0x184,field_184,4
Caviar,0x188,field_188,4
Caviar,0x18C,field_18C,4
Caviar,0x190,field_190,4
Caviar,0x194,field_194,4
Caviar,0x198,field_198,4
Caviar,0x19C,field_19C,4
Caviar,0x1A0,field_1A0,4
Caviar,0x1A4,field_1A4,4
Caviar,0x1A8,field_1A8,4
Caviar,0x1AC,field_1AC,4
Caviar,0x1B0,field_1B0,4
Caviar,0x1B4,field_1B4,4
Caviar,0x1B8,field_1B8,4
Caviar,0x1BC,field_1BC,4
Caviar,0x1C0,field_1C0,4
Caviar,0x1C4,field_1C4,4
Caviar,0x1C8,field_1C8,4
Caviar,0x1CC,field_1CC,4
Caviar,0x1D0,field_1D0,4
Caviar,0x1D4,field_1D4,4
Caviar,0x1D8,field_1D8,4
Caviar,0x1DC,field_1DC,4
Caviar,0x1E0,field_1E0,4
Caviar,0x1E4,field_1E4,4
Caviar,0x1E8,field_1E8,4
Caviar,0x1EC,field_1EC,4
Caviar,0x1F0,field_1F0,4
Caviar,0x1F4,field_1F4,4
Caviar,0x1F8,field_1F8,4
Caviar,0x1FC,field_1FC,4
Caviar,0x200,field_200,4
Caviar,0x204,field_204,4
Caviar,0x208,field_208,4
Caviar,0x20C,field_20C,4
Caviar,0x210,field_210,4
Caviar,0x214,field_214,4
Caviar,0x218,field_218,4
Caviar,0x21C,field_21C,4
Caviar,0x220,field_220,4
Caviar,0x224,field_224,4
Caviar,0x228,field_228,4
Caviar,0x22C,field_22C,4
Caviar,0x230,field_230,4
Caviar,0x234,field_234,4
Caviar,0x238,field_238,4
Caviar,0x23C,field_23C,4
Caviar,0x240,field_240,4
Caviar,0x244,field_244,4
Caviar,0x248,field_248,4
Caviar,0x24C,field_24C,4
Caviar,0x250,field_250,4
Caviar,0x254,field_254,4
Caviar,0x258,field_258,4
Caviar,0x25C,field_25C,4
Caviar,0x260,field_260,4
Caviar,0x264,field_264,4
Caviar,0x268,field_268,4
Caviar,0x26C,field_26C,4
Caviar,0x270,field_270,4
Caviar,0x274,field_274,4
Caviar,0x278,field_278,4
Caviar,0x27C,field_27C,4
Caviar,0x280,field_280,4
Caviar,0x284,field_284,4
Caviar,0x288,field_288,4
Caviar,0x28C,field_28C,4
Caviar,0x290,field_290,4
Caviar,0x294,field_294,4
Caviar,0x298,field_298,4
Caviar,0x29C,field_29C,4
Caviar,0x2A0,field_2A0,4
Caviar,0x2A4,field_2A4,4
Caviar,0x2A8,field_2A8,4
Caviar,0x2AC,field_2AC,4
Caviar,0x2B0,field_2B0,4
Caviar,0x2B4,field_2B4,4
Caviar,0x2B8,field_2B8,4
Caviar,0x2BC,field_2BC,4
Caviar,0x2C0,field_2C0,4
Caviar,0x2C4,field_2C4,4
Caviar,0x2C8,field_2C8,4
Caviar,0x2CC,field_2CC,4
Caviar,0x2D0,field_2D0,4
Caviar,0x2D4,field_2D4,4
Caviar,0x2D8,field_2D8,4
Caviar,0x2DC,field_2DC,4
Caviar,0x2E0,field_2E0,4
Caviar,0x2E4,field_2E4,4
Caviar,0x2E8,field_2E8,4
Caviar,0x2EC,field_2EC,4
Caviar,0x2F0,field_2F0,4
Caviar,0x2F4,field_2F4,4
Caviar,0x2F8,field_2F8,4
Caviar,0x2FC,field_2FC,4
Caviar,0x300,field_300,4
Caviar,0x304,field_304,4
Caviar,0x308,field_308,4
Caviar,0x30C,field_30C,4
Caviar,0x310,field_310,4
Caviar,0x314,field_314,4
Caviar,0x318,field_318,4
Caviar,0x31C,field_31C,4
Caviar,0x320,field_320,4
Caviar,0x324,field_324,4
Caviar,0x328,field_328,4
Caviar,0x32C,field_32C,4
Caviar,0x330,field_330,4
Caviar,0x334,field_334,4
Caviar,0x338,field_338,4
Caviar,0x33C,field_33C,4
Caviar,0x340,field_340,4
Caviar,0x344,field_344,4
Caviar,0x348,field_348,4
Caviar,0x34C,field_34C,4
Caviar,0x350,field_350,4
Caviar,0x354,field_354,4
Caviar,0x358,field_358,4
Caviar,0x35C,field_35C,4
Caviar,0x360,field_360,4
Caviar,0x364,field_364,4
Caviar,0x368,field_368,4
Caviar,0x36C,field_36C,4
Caviar,0x370,field_370,4
Caviar,0x374,field_374,4
Caviar,0x378,field_378,4
Caviar,0x37C,field_37C,4
Caviar,0x380,field_380,4
Caviar,0x384,field_384,4
Caviar,0x388,field_388,4
Caviar,0x38C,field_38C,4
Caviar,0x390,field_390,4
Caviar,0x394,field_394,4
Caviar,0x398,field_398,4
Caviar,0x39C,field_39C,4
Caviar,0x3A0,field_3A0,4
Caviar,0x3A4,field_3A4,4
Caviar,0x3A8,field_3A8,4
Caviar,0x3AC,field_3AC,4
Caviar,0x3B0,field_3B0,4
Caviar,0x3B4,field_3B4,4
Caviar,0x3B8,field_3B8,4
Caviar,0x3BC,field_3BC,4
Caviar,0x3C0,field_3C0,4
Caviar,0x3C4,field_3C4,4
Caviar,0x3C8,field_3C8,4
Caviar,0x3CC,field_3CC,4
Caviar,0x3D0,field_3D0,4
Caviar,0x3D4,field_3D4,4
Caviar,0x3D8,field_3D8,4
Caviar,0x3DC,field_3DC,4
Caviar,0x3E0,field_3E0,4
Caviar,0x3E4,field_3E4,4
Caviar,0x3E8,field_3E8,4
Caviar,0x3EC,field_3EC,4
Caviar,0x3F0,field_3F0,4
Caviar,0x3F4,field_3F4,4
Caviar,0x3F8,field_3F8,4
Caviar,0x3FC,field_3FC,4
Caviar,0x400,field_400,4
Caviar,0x404,field_404,4
Caviar,0x408,field_408,4
Caviar,0x40C,field_40C,4
Caviar,0x410,field_410,4
Caviar,0x414,field_414,4
Caviar,0x418,field_418,4
Caviar,0x41C,field_41C,4
Caviar,0x420,field_420,4
Caviar,0x424,field_424,4
Caviar,0x428,field_428,4
Caviar,0x42C,field_42C,4
Caviar,0x430,field_430,4
Caviar,0x434,field_434,4
Caviar,0x438,field_438,4
Caviar,0x43C,field_43C,4
Caviar,0x440,field_440,4
Caviar,0x444,field_444,4
Caviar,0x448,field_448,4
Caviar,0x44C,field_44C,4
Caviar,0x450,field_450,4
Caviar,0x454,field_454,4
Caviar,0x458,field_458,4
Caviar,0x45C,field_45C,4
Caviar,0x460,field_460,4
Caviar,0x464,field_464,4
Caviar,0x468,field_468,4
Caviar,0x46C,field_46C,4
Caviar,0x470,field_470,4
Caviar,0x474,field_474,4
Caviar,0x478,field_478,4
Caviar,0x47C,field_47C,4
Caviar,0x480,field_480,4
Caviar,0x484,field_484,4
Caviar,0x488,field_488,4
Caviar,0x48C,field_48C,4
Caviar,0x490,field_490,4
Caviar,0x494,field_494,4
Caviar,0x498,field_498,4
Caviar,0x49C,field_49C,4
Caviar,0x4A0,field_4A0,4
Caviar,0x4A4,field_4A4,4
Caviar,0x4A8,field_4A8,4
Caviar,0x4AC,field_4AC,4
Caviar,0x4B0,field_4B0,4
Caviar,0x4B4,field_4B4,4
Caviar,0x4B8,field_4B8,4
Caviar,0x4BC,field_4BC,4
Caviar,0x4C0,field_4C0,4
Caviar,0x4C4,field_4C4,4
Caviar,0x4C8,field_4C8,4
Caviar,0x4CC,field_4CC,4
Caviar,0x4D0,field_4D0,4
Caviar,0x4D4,field_4D4,4
Caviar,0x4D8,field_4D8,4
Caviar,0x4DC,field_4DC,4
Caviar,0x4E0,field_4E0,4
Caviar,0x4E4,field_4E4,4
Caviar,0x4E8,field_4E8,4
Caviar,0x4EC,field_4EC,4
Caviar,0x4F0,field_4F0,4
Caviar,0x4F4,field_4F4,4
Caviar,0x4F8,field_4F8,4
Caviar,0x4FC,field_4FC,4
Caviar,0x500,field_500,4
Caviar,0x504,field_504,4
Caviar,0x508,field_508,4
Caviar,0x50C,field_50C,4
Caviar,0x510,field_510,4
Caviar,0x514,field_514,4
Caviar,0x518,field_518,4
Caviar,0x51C,field_51C,4
Caviar,0x520,field_520,4
Caviar,0x524,field_524,4
Caviar,0x528,field_528,4
Caviar,0x52C,field_52C,4
Caviar,0x530,field_530,4
Caviar,0x534,field_534,4
Caviar,0x538,field_538,4
Caviar,0x53C,field_53C,4
Caviar,0x540,field_540,4
Caviar,0x544,field_544,4
Caviar,0x548,field_548,4
Caviar,0x54C,field_54C,4
Caviar,0x550,field_550,4
Caviar,0x554,field_554,4
Caviar,0x558,field_558,4
Caviar,0x55C,field_55C,4
Caviar,0x560,field_560,4
Caviar,0x564,field_564,4
Caviar,0x568,field_568,4
Caviar,0x56C,field_56C,4
Caviar,0x570,field_570,4
Caviar,0x574,field_574,4
Caviar,0x578,field_578,4
Caviar,0x57C,field_57C,4
Caviar,0x580,field_580,4
Caviar,0x584,field_584,4
Caviar,0x588,field_588,4
Caviar,0x58C,field_58C,4
Caviar,0x590,field_590,4
Caviar,0x594,field_594,4
Caviar,0x598,field_598,4
Caviar,0x59C,field_59C,4
Caviar,0x5A0,field_5A0,4
Caviar,0x5A4,field_5A4,4
Caviar,0x5A8,field_5A8,4
Caviar,0x5AC,field_5AC,4
Caviar,0x5B0,field_5B0,4
Caviar,0x5B4,field_5B4,4
Caviar,0x5B8,field_5B8,4
Caviar,0x5BC,field_5BC,4
Caviar,0x5C0,field_5C0,4
Caviar,0x5C4,field_5C4,4
Caviar,0x5C8,field_5C8,4
Caviar,0x5CC,field_5CC,4
Caviar,0x5D0,field_5D0,4
Caviar,0x5D4,field_5D4,4
Caviar,0x5D8,field_5D8,4
Caviar,0x5DC,field_5DC,4
Caviar,0x5E0,field_5E0,4
Caviar,0x5E4,field_5E4,4
Caviar,0x5E8,field_5E8,4
Caviar,0x5EC,field_5EC,4
Caviar,0x5F0,field_5F0,4
Caviar,0x5F4,field_5F4,4
Caviar,0x5F8,field_5F8,4
Caviar,0x5FC,field_5FC,4
Caviar,0x600,field_600,4
Caviar,0x604,field_604,4
Caviar,0x608,field_608,4
Caviar,0x60C,field_60C,4
Caviar,0x610,field_610,4
Caviar,0x614,field_614,4
Caviar,0x618,field_618,4
Caviar,0x61C,field_61C,4
Caviar,0x620,field_620,4
Caviar,0x624,field_624,4
Caviar,0x628,field_628,4
Caviar,0x62C,field_62C,4
Caviar,0x630,field_630,4
Caviar,0x634,field_634,4
Caviar,0x638,field_638,4
Caviar,0x63C,field_63C,4
Caviar,0x640,field_640,4
Caviar,0x644,field_644,4
Caviar,0x648,field_648,4
Caviar,0x64C,field_64C,4
Caviar,0x650,field_650,4
Caviar,0x654,field_654,4
Caviar,0x658,field_658,4
Caviar,0x65C,field_65C,4
Caviar,0x660,field_660,4
Caviar,0x664,field_664,4
Caviar,0x668,field_668,4
Caviar,0x66C,field_66C,4
Caviar,0x670,field_670,4
Caviar,0x674,field_674,4
Caviar,0x678,field_678,4
Caviar,0x67C,field_67C,4
Caviar,0x680,field_680,4
Caviar,0x684,field_684,4
Caviar,0x688,field_688,4
Caviar,0x68C,field_68C,4
Caviar,0x690,field_690,4
Caviar,0x694,field_694,4
Caviar,0x698,field_698,4
Caviar,0x69C,field_69C,4
Caviar,0x6A0,field_6A0,4
Caviar,0x6A4,field_6A4,4
Caviar,0x6A8,field_6A8,4
Caviar,0x6AC,field_6AC,4
Caviar,0x6B0,field_6B0,4
Caviar,0x6B4,field_6B4,4
Caviar,0x6B8,field_6B8,4
Caviar,0x6BC,field_6BC,4
Caviar,0x6C0,field_6C0,4
Caviar,0x6C4,field_6C4,4
Caviar,0x6C8,field_6C8,4
Caviar,0x6CC,field_6CC,4
Caviar,0x6D0,field_6D0,4
Caviar,0x6D4,field_6D4,4
Caviar,0x6D8,field_6D8,4
Caviar,0x6DC,field_6DC,4
Caviar,0x6E0,field_6E0,4
Caviar,0x6E4,field_6E4,4
Caviar,0x6E8,field_6E8,4
Caviar,0x6EC,field_6EC,4
Caviar,0x6F0,field_6F0,4
Caviar,0x6F4,field_6F4,4
Caviar,0x6F8,field_6F8,4
Caviar,0x6FC,field_6FC,4
Caviar,0x700,field_700,4
Caviar,0x704,field_704,4
Caviar,0x708,field_708,4
Caviar,0x70C,field_70C,4
Caviar,0x710,field_710,4
Caviar,0x714,field_714,4
Caviar,0x718,field_718,4
Caviar,0x71C,field_71C,4
Caviar,0x720,field_720,4
Caviar,0x724,field_724,4
Caviar,0x728,field_728,4
Caviar,0x72C,field_72C,4
Caviar,0x730,field_730,4
Caviar,0x734,field_734,4
Caviar,0x738,field_738,4
Caviar,0x73C,field_73C,4
Caviar,0x740,field_740,4
Caviar,0x744,field_744,4
Caviar,0x748,field_748,4
Caviar,0x74C,caviarData,2400
Caviar,0x10AC,field_10AC,4
Caviar,0x10B0,field_10B0,4
Caviar,0x10B4,field_10B4,4
Caviar,0x10B8,field_10B8,4
Caviar,0x10BC,field_10BC,4
Caviar,0x10C0,field_10C0,4
Caviar,0x10C4,field_10C4,4
Caviar,0x10C8,field_10C8,4
Caviar,0x10CC,field_10CC,4
Caviar,0x10D0,field_10D0,4
Caviar,0x10D4,field_10D4,4
Caviar,0x10D8,field_10D8,4
Caviar,0x10DC,field_10DC,4
Caviar,0x10E0,field_10E0,4
Caviar,0x10E4,field_10E4,4
Caviar,0x10E8,field_10E8,4
Caviar,0x10EC,field_10EC,4
Caviar,0x10F0,field_10F0,4
Caviar,0x10F4,field_10F4,4
Caviar,0x10F8,field_10F8,4
Caviar,0x10FC,field_10FC,4
Caviar,0x1100,field_1100,4
Caviar,0x1104,field_1104,4
Caviar,0x1108,field_1108,4
Caviar,0x110C,field_110C,4
Caviar,0x1110,field_1110,4
Caviar,0x1114,field_1114,4
Caviar,0x1118,field_1118,4
Caviar,0x111C,field_111C,4
Caviar,0x1120,field_1120,4
Caviar,0x1124,field_1124,4
Caviar,0x1128,field_1128,4
Caviar,0x112C,field_112C,4
Caviar,0x1130,field_1130,4
Caviar,0x1134,field_1134,4
Caviar,0x1138,field_1138,4
Caviar,0x113C,field_113C,4
Caviar,0x1140,field_1140,4
Caviar,0x1144,field_1144,4
Caviar,0x1148,field_1148,4
Caviar,0x114C,field_114C,4
Caviar,0x1150,field_1150,4
Caviar,0x1154,field_1154,4
Caviar,0x1158,field_1158,4
Caviar,0x115C,field_115C,4
Caviar,0x1160,field_1160,4
Caviar,0x1164,field_1164,4
Caviar,0x1168,field_1168,4
Caviar,0x116C,field_116C,4
Caviar,0x1170,field_1170,4
Caviar,0x1174,field_1174,4
Caviar,0x1178,field_1178,4
Caviar,0x117C,field_117C,4
Caviar,0x1180,field_1180,4
Caviar,0x1184,field_1184,4
Caviar,0x1188,field_1188,4
Caviar,0x118C,field_118C,4
Caviar,0x1190,field_1190,4
Caviar,0x1194,field_1194,4
Caviar,0x1198,field_1198,4
Caviar,0x119C,field_119C,4
Caviar,0x11A0,field_11A0,4
Caviar,0x11A4,field_11A4,4
Caviar,0x11A8,field_11A8,4
Caviar,0x11AC,field_11AC,4
Caviar,0x11B0,field_11B0,4
Caviar,0x11B4,field_11B4,4
Caviar,0x11B8,field_11B8,4
Caviar,0x11BC,field_11BC,4
Caviar,0x11C0,field_11C0,4
Caviar,0x11C4,field_11C4,4
Caviar,0x11C8,field_11C8,4
Caviar,0x11CC,field_11CC,4
Caviar,0x11D0,field_11D0,4
Caviar,0x11D4,field_11D4,4
Caviar,0x11D8,field_11D8,4
Caviar,0x11DC,field_11DC,4
Caviar,0x11E0,field_11E0,4
Caviar,0x11E4,field_11E4,4
Caviar,0x11E8,field_11E8,4
Caviar,0x11EC,field_11EC,4
Caviar,0x11F0,field_11F0,4
Caviar,0x11F4,field_11F4,4
Caviar,0x11F8,field_11F8,4
Caviar,0x11FC,field_11FC,4
Caviar,0x1200,field_1200,4
Caviar,0x1204,field_1204,4
Caviar,0x1208,field_1208,4
Caviar,0x120C,field_120C,4
Caviar,0x1210,field_1210,4
Caviar,0x1214,field_1214,4
Caviar,0x1218,field_1218,4
Caviar,0x121C,field_121C,4
Caviar,0x1220,field_1220,4
Caviar,0x1224,field_1224,4
Caviar,0x1228,field_1228,4
Caviar,0x122C,field_122C,4
Caviar,0x1230,field_1230,4
Caviar,0x1234,field_1234,4
Caviar,0x1238,field_1238,4
Caviar,0x123C,field_123C,4
Caviar,0x1240,field_1240,4
Caviar,0x1244,field_1244,4
Caviar,0x1248,field_1248,4
Caviar,0x124C,field_124C,4
Caviar,0x1250,field_1250,4
Caviar,0x1254,field_1254,4
Caviar,0x1258,field_1258,4
Caviar,0x125C,field_125C,4
Caviar,0x1260,field_1260,4
Caviar,0x1264,field_1264,4
Caviar,0x1268,field_1268,4
Caviar,0x126C,field_126C,4
Caviar,0x1270,field_1270,4
Caviar,0x1274,field_1274,4
Caviar,0x1278,field_1278,4
Caviar,0x127C,field_127C,4
Caviar,0x1280,field_1280,4
Caviar,0x1284,field_1284,4
Caviar,0x1288,field_1288,4
Caviar,0x128C,field_128C,4
Caviar,0x1290,field_1290,4
Caviar,0x1294,field_1294,4
Caviar,0x1298,field_1298,4
Caviar,0x129C,field_129C,4
Caviar,0x12A0,field_12A0,4
Caviar,0x12A4,field_12A4,4
Caviar,0x12A8,field_12A8,4
Caviar,0x12AC,field_12AC,4
Caviar,0x12B0,field_12B0,4
Caviar,0x12B4,field_12B4,4
Caviar,0x12B8,field_12B8,4
Caviar,0x12BC,field_12BC,4
Caviar,0x12C0,field_12C0,4
Caviar,0x12C4,field_12C4,4
Caviar,0x12C8,field_12C8,4
Caviar,0x12CC,field_12CC,4
Caviar,0x12D0,field_12D0,4
Caviar,0x12D4,field_12D4,4
Caviar,0x12D8,field_12D8,4
Caviar,0x12DC,field_12DC,4
Caviar,0x12E0,field_12E0,4
Caviar,0x12E4,field_12E4,4
Caviar,0x12E8,field_12E8,4
Caviar,0x12EC,field_12EC,4
Caviar,0x12F0,field_12F0,4
Caviar,0x12F4,field_12F4,4
Caviar,0x12F8,field_12F8,4
Caviar,0x12FC,field_12FC,4
Caviar,0x1300,field_1300,4
Caviar,0x1304,field_1304,4
Caviar,0x1308,field_1308,4
Caviar,0x130C,field_130C,4
Caviar,0x1310,field_1310,4
Caviar,0x1314,field_1314,4
Caviar,0x1318,field_1318,4
Caviar,0x131C,field_131C,4
Caviar,0x1320,field_1320,4
Caviar,0x1324,field_1324,4
Caviar,0x1328,field_1328,4
Caviar,0x132C,field_132C,4
Caviar,0x1330,field_1330,4
Caviar,0x1334,field_1334,4
Caviar,0x1338,field_1338,4
Caviar,0x133C,field_133C,4
Caviar,0x1340,field_1340,4
Caviar,0x1344,field_1344,4
Caviar,0x1348,field_1348,4
Caviar,0x134C,field_134C,4
Caviar,0x1350,field_1350,4
Caviar,0x1354,field_1354,4
Caviar,0x1358,field_1358,4
Caviar,0x135C,field_135C,4
Caviar,0x1360,field_1360,4
Caviar,0x1364,field_1364,4
Caviar,0x1368,field_1368,4
Caviar,0x136C,field_136C,4
Caviar,0x1370,field_1370,4
Caviar,0x1374,field_1374,4
Caviar,0x1378,field_1378,4
Caviar,0x137C,field_137C,4
Caviar,0x1380,field_1380,4
Caviar,0x1384,field_1384,4
Caviar,0x1388,field_1388,4
Caviar,0x138C,field_138C,4
Caviar,0x1390,field_1390,4
Caviar,0x1394,field_1394,4
Caviar,0x1398,field_1398,4
Caviar,0x139C,field_139C,4
Caviar,0x13A0,field_13A0,4
Caviar,0x13A4,field_13A4,4
Caviar,0x13A8,field_13A8,4
Caviar,0x13AC,field_13AC,4
Caviar,0x13B0,field_13B0,4
Caviar,0x13B4,field_13B4,4
Caviar,0x13B8,field_13B8,4
Caviar,0x13BC,field_13BC,4
Caviar,0x13C0,field_13C0,4
Caviar,0x13C4,field_13C4,4
Caviar,0x13C8,field_13C8,4
Caviar,0x13CC,field_13CC,4
Caviar,0x13D0,(sizeof),
CaviarData,0x0,field_0,4
CaviarData,0x4,fileDescriptor,4
CaviarData,0x8,field_8,4
CaviarData,0xC,(sizeof),
CleanupHandler,,(sizeof),
CleanupHandler,0x0,f,
Console,,(sizeof),
Console,,aiCursorPositionsX,128
Console,,aiCursorPositionsY,128
Console,,aoSprite2,132
Console,,cOwner,4
Console,,drawOnlyCursor,4
Console,,fUnitNotViewMode,4
Console,,field_1DD7C,4
Console,,field_1DD80,4
Console,,field_1DD84,4
Console,,field_1DD88,4
Console,,field_1DD8C,4
Console,,field_1DD90,4
Console,,field_1DD94,4
Console,,field_1DDE4,4
Console,,field_1DDE8,4
Console,,field_1DDEC,4
Console,,field_1DDF0,4
Console,,field_1DDF4,4
Console,,field_1DDF8,4
Console,,field_1DDFC,4
Console,,field_1DE00,4
Console,,field_1DE04,4
Console,,field_1DE08,4
Console,,field_1DE0C,4
Console,,field_1DE10,4
Console,,field_1DE14,4
Console,,field_1DE18,4
Console,,field_1DE1C,4
Console,,field_1DE20,4
Console,,field_1DE24,4
Console,,field_1EF4C,4
Console,,field_1EF50,4
Console,,field_21A48,4
Console,,field_21A4C,4
Console,,field_21A50,4
Console,,field_21A54,4
Console,,field_21A58,4
Console,,field_21A5C,4
Console,,field_21A60,4
Console,,field_21A64,4
Console,,field_23BC8,4
Console,,field_23BCC,4
Console,,field_23BD0,4
Console,,field_23BE0,4
Console,,field_23BE4,4
Console,,field_23BE8,4
Console,,field_23BEC,4
Console,,field_23BF0,4
Console,,field_23BF4,4
Console,,field_23BF8,4
Console,,field_23BFC,4
Console,,field_23C00,4
Console,,field_23C04,4
Console,,field_23C0C,4
Console,,field_23D10,4
Console,,field_23D14,4
Console,,field_23D18,4
Console,,field_23D1C,4
Console,,field_23D20,4
Console,,field_23D24,4
Console,,field_23D80,4
Console,,field_23D84,4
Console,,field_23D88,4
Console,,field_23D8C,4
Console,,iCursorPositionCurrent,4
Console,,iDrawToggleA,4
Console,,iDrawToggleB,4
Console,,iFont1Height,4
Console,,iFont2Height,4
Console,,iFont3Height,4
Console,,iLastZoomFactor,4
Console,,iLastZoomX2,4
Console,,iMapPixelLeft,4
Console,,iMapPixelTop,4
Console,,iMapTileLeft,4
Console,,iMapTileTop,4
Console,,iMapTilesEvenX,4
Console,,iMapTilesEvenY,4
Console,,iMapTilesOddX,4
Console,,iMapTilesOddY,4
Console,,iPixelsPerHalfTileX,4
Console,,iPixelsPerHalfTileY,4
Console,,iPixelsPerHalfTileY_2,4
Console,,iPixelsPerTileX,4
Console,,iPixelsPerTileY,4
Console,,iTileX,4
Console,,iTileY,4
Console,,iUnit,4
Console,,iWhatToDrawFlags,4
Console,,iZoomFactor,4
Console,,iZoomX12,4
Console,,iZoomX12_2,4
Console,,iZoomX2,4
Console,,iZoomX4,4
Console,,oCanvas1,1416
Console,,oCanvas2,1416
Console,,oCanvas3,1416
Console,,oCanvas4,1416
Console,,oCanvas5,1416
Console,,oFont1,40
Console,,oFont2,40
Console,,oFont3,40
Console,,oMainMenu,2916
Console,,oMainWin,2580
Console,,oSPrite4,44
Console,,oSprite1,44
Console,,oSprite3,44
Console,,oTimer,40
Console,,oWinBuffed,2580
Console,,oaClass3B,
Console,0x0,vtable,4
Console,0x4,paTilePos,4
Console,0x8,field_8,4
Console,0xC,oUnknown,
Continent,0x0,tile_count,4
Continent,0x4,open_terrain,4
Continent,0x8,world_site,4
Continent,0xC,pods,4
Continent,0x10,unk_5,4
Continent,0x14,sea_coasts,8
Continent,0x1C,(sizeof),
DefaultPref,0x0,difficulty,4
DefaultPref,0x4,faction_id,4
DefaultPref,0x8,pad,4
DefaultPref,0xC,map_type,4
DefaultPref,0x10,top_menu,4
DefaultPref,0x14,(sizeof),
Dialog,0x0,vtable,4
Dialog,0x4,heap,20
Dialog,0x18,pHeap,4
Dialog,0x1C,field_1C,4
Dialog,0x20,field_20,4
Dialog,0x24,field_24,16
Dialog,0x34,field_34,4
Dialog,0x38,field_38,4
Dialog,0x3C,field_3C,4
Dialog,0x40,field_40,4
Dialog,0x44,field_44,4
Dialog,0x48,field_48,4
Dialog,0x4C,field_4C,4
Dialog,0x50,field_50,4
Dialog,0x54,field_54,4
Dialog,0x58,field_58,4
Dialog,0x5C,field_5C,4
Dialog,0x60,field_60,4
Dialog,0x64,field_64,4
Dialog,0x68,field_68,4
Dialog,0x6C,field_6C,4
Dialog,0x70,font1,4
Dialog,0x74,font2,4
Dialog,0x78,font3,4
Dialog,0x7C,textColorA,4
Dialog,0x80,textColor2A,4
Dialog,0x84,textColor3A,4
Dialog,0x88,textColorB,4
Dialog,0x8C,textColor2B,4
Dialog,0x90,textColor3B,4
Dialog,0x94,textColorC,4
Dialog,0x98,textColor2C,4
Dialog,0x9C,textColor3C,4
Dialog,0xA0,textColorD,4
Dialog,0xA4,textColor2D,4
Dialog,0xA8,textColor3D,4
Dialog,0xAC,field_AC,4
Dialog,0xB0,field_B0,4
Dialog,0xB4,field_B4,4
Dialog,0xB8,field_B8,4
Dialog,0xBC,field_BC,4
Dialog,0xC0,field_C0,4
Dialog,0xC4,field_C4,4
Dialog,0xC8,field_C8,4
Dialog,0xCC,field_CC,4
Dialog,0xD0,field_D0,4
Dialog,0xD4,field_D4,4
Dialog,0xD8,field_D8,4
Dialog,0xDC,field_DC,4
Dialog,0xE0,field_E0,4
Dialog,0xE4,field_E4,4
Dialog,0xE8,field_E8,4
Dialog,0xEC,stateFlag,4
Dialog,0xF0,field_F0,4
Dialog,0xF4,(sizeof),
Dialogs,0x0,data,392
Dialogs,0x188,graphicWin,2580
Dialogs,0xB9C,field_B9C,4
Dialogs,0xBA0,dialog,244
Dialogs,0xC94,(sizeof),
Effect,,(sizeof),
Effect,,field_0,4
Effect,,field_8,1
Effect,,field_9,1
Effect,,field_A,1
Effect,,field_B,1
Effect,,field_C,4
Effect,,ptrTime,4
Faction,,(sizeof),
Faction,,base_count,4
Faction,,best_armor_value,4
Faction,,best_land_speed,4
Faction,,best_psi_land_defense,4
Faction,,best_psi_land_offense,4
Faction,,best_weapon_value,4
Faction,,corner_market_cost,4
Faction,,corner_market_turn,4
Faction,,eliminated_count,4
Faction,,enemy_best_armor_value,4
Faction,,enemy_best_land_speed,4
Faction,,enemy_best_psi_land_defense,4
Faction,,enemy_best_psi_land_offense,4
Faction,,enemy_best_weapon_value,4
Faction,,goals,
Faction,,goody_artifact,4
Faction,,goody_earthquake,4
Faction,,goody_opened,4
Faction,,goody_tech,4
Faction,,labs_total,4
Faction,,mil_strength_1,4
Faction,,mil_strength_2,4
Faction,,nutrient_surplus_total,4
Faction,,planet_busters,4
Faction,0x0,player_flags,4
Faction,,player_flags_ext,4
Faction,,pop_total,4
Faction,,region_base_plan,128
Faction,,region_flags,256
Faction,,region_force_rating,256
Faction,,region_good_tiles,256
Faction,,region_territory_pods,128
Faction,,region_territory_tiles,256
Faction,,region_total_bases,128
Faction,,region_total_combat_units,256
Faction,,region_total_offensive_units,128
Faction,,region_unk_5,256
Faction,,region_unk_6,128
Faction,,region_visible_tiles,256
Faction,,satellites_ODP,4
Faction,,satellites_energy,4
Faction,,satellites_mineral,4
Faction,,satellites_nutrient,4
Faction,,saved_queue_size,32
Faction,,secret_project_intel,32
Faction,,sites,
Faction,,social_effic,36
Faction,,social_support,32
Faction,,tech_achieved,4
Faction,,time_bonus_count,4
Faction,,total_combat_units,4
Faction,,units_active,512
Faction,,units_lost,1024
Faction,,units_queue,512
Faction,,unk_101,4
Faction,,unk_102,4
Faction,,unk_103,4
Faction,,unk_105,4
Faction,,unk_106,4
Faction,,unk_107,4
Faction,,unk_109,4
Faction,,unk_110,4
Faction,,unk_111,4
Faction,,unk_112,4
Faction,,unk_113,4
Faction,,unk_114,4
Faction,,unk_115,4
Faction,,unk_116,4
Faction,,unk_117,4
Faction,,unk_118,4
Faction,,unk_45,4
Faction,,unk_46,4
Faction,,unk_47,4
Faction,,unk_64,4
Faction,,unk_65,4
Faction,,unk_66,4
Faction,,unk_67,4
Faction,,unk_68,4
Faction,,unk_69,4
Faction,,unk_70,4
Faction,,unk_71,4
Faction,,unk_72,4
Faction,,unk_93,4
Faction,,unk_99,4
Faction,0x4,ranking,4
Faction,0x8,diff_level,4
Faction,0xC,base_name_offset,4
Faction,0x10,base_sea_name_offset,4
Faction,0x14,last_base_turn,4
Faction,0x18,diplo_status,32
Faction,0x38,diplo_agenda,32
Faction,0x58,diplo_friction,32
Faction,0x78,diplo_spoke,32
Faction,0x98,diplo_merc,32
Faction,0xB8,diplo_patience,8
Faction,0xC0,sanction_turns,4
Faction,0xC4,loan_balance,32
Faction,0xE4,loan_payment,32
Faction,0x104,unk_1,32
Faction,0x124,integrity_blemishes,4
Faction,0x128,diplo_reputation,4
Faction,0x12C,diplo_gifts,32
Faction,0x14C,diplo_wrongs,32
Faction,0x16C,diplo_betrayed,32
Faction,0x18C,diplo_unk_3,32
Faction,0x1AC,diplo_unk_4,32
Faction,0x1CC,traded_maps,4
Faction,0x1D0,base_governor_adv,4
Faction,0x1D4,atrocities,4
Faction,0x1D8,major_atrocities,4
Faction,0x1DC,mind_control_total,4
Faction,0x1E0,diplo_mind_control,32
Faction,0x200,diplo_stolen_techs,32
Faction,0x220,energy_credits,4
Faction,0x224,hurry_cost_total,4
Faction,0x228,SE_Politics_pending,4
Faction,0x22C,SE_Economics_pending,4
Faction,0x230,SE_Values_pending,4
Faction,0x234,SE_Future_pending,4
Faction,0x238,SE_Politics,4
Faction,0x23C,SE_Economics,4
Faction,0x240,SE_Values,4
Faction,0x244,SE_Future,4
Faction,0x248,SE_upheaval_cost_paid,4
Faction,0x24C,SE_economy_pending,4
Faction,0x250,SE_effic_pending,4
Faction,0x254,SE_support_pending,4
Faction,0x258,SE_talent_pending,4
Faction,0x25C,SE_morale_pending,4
Faction,0x260,SE_police_pending,4
Faction,0x264,SE_growth_pending,4
Faction,0x268,SE_planet_pending,4
Faction,0x26C,SE_probe_pending,4
Faction,0x270,SE_industry_pending,4
Faction,0x274,SE_research_pending,4
Faction,0x278,SE_economy,4
Faction,0x27C,SE_effic,4
Faction,0x280,SE_support,4
Faction,0x284,SE_talent,4
Faction,0x288,SE_morale,4
Faction,0x28C,SE_police,4
Faction,0x290,SE_growth,4
Faction,0x294,SE_planet,4
Faction,0x298,SE_probe,4
Faction,0x29C,SE_industry,4
Faction,0x2A0,SE_research,4
Faction,0x2A4,SE_economy_2,4
Faction,0x2A8,SE_effic_2,4
Faction,0x2AC,SE_support_2,4
Faction,0x2B0,SE_talent_2,4
Faction,0x2B4,SE_morale_2,4
Faction,0x2B8,SE_police_2,4
Faction,0x2BC,SE_growth_2,4
Faction,0x2C0,SE_planet_2,4
Faction,0x2C4,SE_probe_2,4
Faction,0x2C8,SE_industry_2,4
Faction,0x2CC,SE_research_2,4
Faction,0x2D0,SE_economy_base,4
Faction,0x2D4,SE_effic_base,4
Faction,0x2D8,SE_support_base,4
Faction,0x2DC,SE_talent_base,4
Faction,0x2E0,SE_morale_base,4
Faction,0x2E4,SE_police_base,4
Faction,0x2E8,SE_growth_base,4
Faction,0x2EC,SE_planet_base,4
Faction,0x2F0,SE_probe_base,4
Faction,0x2F4,SE_industry_base,4
Faction,0x2F8,SE_research_base,4
Faction,0x2FC,energy_surplus_total,4
Faction,0x300,facility_maint_total,4
Faction,0x304,tech_commerce_bonus,4
Faction,0x308,turn_commerce_income,4
Faction,0x30C,unk_17,4
Faction,0x310,unk_18,4
Faction,0x314,tech_fungus_nutrient,4
Faction,0x318,tech_fungus_mineral,4
Faction,0x31C,tech_fungus_energy,4
Faction,0x320,tech_fungus_unused,4
Faction,0x324,SE_alloc_psych,4
Faction,0x328,SE_alloc_labs,4
Faction,0x32C,tech_pact_shared_goals,48
Faction,0x35C,tech_ranking,4
Faction,0x360,unk_27,4
Faction,0x364,ODP_deployed,4
Faction,0x368,tech_count_transcendent,4
Faction,0x36C,tech_trade_source,92
Faction,0x3C8,tech_accumulated,4
Faction,0x3CC,tech_research_id,4
Faction,0x3D0,tech_cost,4
Faction,0x3D4,earned_techs_saved,4
Faction,0x3D8,net_random_event,4
Faction,0x3DC,AI_fight,4
Faction,0x3E0,AI_growth,4
Faction,0x3E4,AI_tech,4
Faction,0x3E8,AI_wealth,4
Faction,0x3EC,AI_power,4
Faction,0x3F0,target_x,4
Faction,0x3F4,target_y,4
Faction,0x3F8,best_mineral_output,4
Faction,0x3FC,council_call_turn,4
Faction,0x400,unk_29,44
Faction,0x42C,unk_30,44
Faction,0x458,facility_announced,12
Faction,0x464,clean_minerals_modifier,4
Faction,0x468,base_id_attack_target,4
Faction,0x46C,unk_37,4
FileFindPath,0x0,cd_path,256
FileFindPath,0x100,alt_path,256
FileFindPath,0x200,last_path,256
FileFindPath,0x300,exe_dir,256
FileFindPath,0x400,relative_path,256
FileFindPath,0x500,(sizeof),
Filemap,0x0,pvFileBuffer,4
Filemap,0x4,hFile,4
Filemap,0x8,hFileMapping,4
Filemap,0xC,iFileSize,4
Filemap,0x10,(sizeof),
FlatButton,0xAB8,field_AB8,4
FlatButton,0xABC,field_ABC,4
FlatButton,0xAC0,field_AC0,4
FlatButton,0xAC4,field_AC4,4
FlatButton,0xAC8,field_AC8,4
FlatButton,0xACC,field_ACC,4
FlatButton,0xAD0,field_AD0,4
FlatButton,0xAD4,field_AD4,4
FlatButton,0xAD8,field_AD8,4
FlatButton,0xADC,field_ADC,4
FlatButton,0xAE0,sprite0,4
FlatButton,0xAE4,field_AE4,4
FlatButton,0xAE8,field_AE8,4
FlatButton,0xAEC,field_AEC,4
FlatButton,0xAF0,field_AF0,4
FlatButton,0xAF4,field_AF4,4
FlatButton,0xAF8,field_AF8,4
FlatButton,0xAFC,field_AFC,4
FlatButton,0xB00,field_B00,4
FlatButton,0xB04,field_B04,4
FlatButton,0xB08,field_B08,4
FlatButton,0xB0C,field_B0C,4
FlatButton,0xB10,sprite1,4
FlatButton,0xB14,sprite2,4
FlatButton,0xB18,sprite3,4
FlatButton,0xB1C,field_B1C,4
FlatButton,0xB20,field_B20,4
FlatButton,0xB24,field_B24,4
FlatButton,0xB28,field_B28,4
FlatButton,0xB2C,field_B2C,4
FlatButton,0xB30,field_B30,4
FlatButton,0xB34,field_B34,4
FlatButton,0xB38,field_B38,4
FlatButton,0xB3C,field_B3C,4
FlatButton,0xB40,field_B40,4
FlatButton,0xB44,field_B44,4
FlatButton,0xB48,field_B48,4
FlatButton,0xB4C,(sizeof),
Font,,(sizeof),
Font,0x0,field_0,4
Font,,field_20,4
Font,,iAscent,4
Font,,iDescent,4
Font,,iHeight,4
Font,,iInternalLeading,4
Font,,iLineHeight,4
Font,,pszFileName,4
Font,0x4,iFlags,4
Font,0x8,hgdiobjFont,
FontQueue,0x0,font1,40
FontQueue,0x28,font2,40
FontQueue,0x50,font3,40
FontQueue,0x78,field_78,4
FontQueue,0x7C,field_7C,4
FontQueue,0x80,field_80,4
FontQueue,0x84,field_84,4
FontQueue,0x88,field_88,4
FontQueue,0x8C,field_8C,4
FontQueue,0x90,field_90,4
FontQueue,0x94,field_94,4
FontQueue,0x98,field_98,4
FontQueue,0x9C,field_9C,4
FontQueue,0xA0,(sizeof),
Goal,0x0,type,2
Goal,0x2,priority,2
Goal,0x4,x,4
Goal,0x8,y,4
Goal,0xC,base_id,4
Goal,0x10,(sizeof),
GraphicWin,0x444,oCanvas,1416
GraphicWin,0x9CC,field_9CC,4
GraphicWin,0x9D0,field_9D0,4
GraphicWin,0x9D4,field_9D4,4
GraphicWin,0x9D8,field_9D8,4
GraphicWin,0x9DC,field_9DC,4
GraphicWin,0x9E0,field_9E0,4
GraphicWin,0x9E4,field_9E4,4
GraphicWin,0x9E8,field_9E8,4
GraphicWin,0x9EC,field_9EC,4
GraphicWin,0x9F0,field_9F0,4
GraphicWin,0x9F4,field_9F4,4
GraphicWin,0x9F8,field_9F8,4
GraphicWin,0x9FC,field_9FC,4
GraphicWin,0xA00,field_A00,4
GraphicWin,0xA04,field_A04,4
GraphicWin,0xA08,poCanvas,4
GraphicWin,0xA0C,field_A0C,4
GraphicWin,0xA10,field_A10,4
GraphicWin,0xA14,(sizeof),
Heap,0x0,err_flags,4
Heap,0x4,base_ptr,4
Heap,0x8,current_ptr,4
Heap,0xC,base_size,4
Heap,0x10,free_size,4
Heap,0x14,(sizeof),
Label,0x0,labels,4
Label,0x4,label_count,4
Label,0x8,(sizeof),
Landmark,0x0,x,4
Landmark,0x4,y,4
Landmark,0x8,name,32
Landmark,0x28,(sizeof),
ListNode,0x0,vtable,4
ListNode,0x4,tagged_id,4
ListNode,0x8,obj,4
ListNode,0xC,next,4
ListNode,0x10,prev,4
ListNode,0x14,(sizeof),
ListRoot,0x0,vtable,4
ListRoot,0x4,field_4,4
ListRoot,0x8,first,4
ListRoot,0xC,current,4
ListRoot,0x10,cur_count,4
ListRoot,0x14,last_index,4
ListRoot,0x18,(sizeof),
Lock,0x0,field_0,4
Lock,0x4,field_4,4
Lock,0x8,field_8,4
Lock,0xC,field_C,4
Lock,0x10,field_10,4
Lock,0x14,field_14,4
Lock,0x18,field_18,4
Lock,0x1C,field_1C,4
Lock,0x20,field_20,4
Lock,0x24,field_24,4
Lock,0x28,field_28,4
Lock,0x2C,field_2C,4
Lock,0x30,field_30,4
Lock,0x34,field_34,4
Lock,0x38,field_38,4
Lock,0x3C,field_3C,4
Lock,0x40,field_40,4
Lock,0x44,field_44,4
Lock,0x48,field_48,4
Lock,0x4C,field_4C,4
Lock,0x50,field_50,4
Lock,0x54,field_54,4
Lock,0x58,field_58,4
Lock,0x5C,field_5C,4
Lock,0x60,field_60,4
Lock,0x64,field_64,4
Lock,0x68,field_68,4
Lock,0x6C,field_6C,4
Lock,0x70,field_70,4
Lock,0x74,field_74,4
Lock,0x78,field_78,4
Lock,0x7C,field_7C,4
Lock,0x80,field_80,4
Lock,0x84,field_84,4
Lock,0x88,field_88,4
Lock,0x8C,field_8C,4
Lock,0x90,field_90,4
Lock,0x94,field_94,4
Lock,0x98,field_98,4
Lock,0x9C,field_9C,4
Lock,0xA0,field_A0,4
Lock,0xA4,field_A4,4
Lock,0xA8,field_A8,4
Lock,0xAC,field_AC,4
Lock,0xB0,field_B0,4
Lock,0xB4,field_B4,4
Lock,0xB8,field_B8,4
Lock,0xBC,field_BC,4
Lock,0xC0,field_C0,4
Lock,0xC4,field_C4,4
Lock,0xC8,field_C8,4
Lock,0xCC,field_CC,4
Lock,0xD0,field_D0,4
Lock,0xD4,field_D4,4
Lock,0xD8,field_D8,4
Lock,0xDC,field_DC,4
Lock,0xE0,field_E0,4
Lock,0xE4,field_E4,4
Lock,0xE8,field_E8,4
Lock,0xEC,(sizeof),
MAP,,(sizeof),
MAP,0x0,climate,1
MAP,0x1,contour,1
MAP,0x2,val2,1
MAP,0x3,region,1
MAP,0x4,visibility,1
MAP,0x5,val3,1
MAP,0x6,unk_1,1
MAP,0x7,owner,1
MAP,0x8,items,4
MAP,0xC,landmarks,4
MAP,0x10,visible_items,28
MFaction,,(sizeof),
MFaction,0x0,is_leader_female,4
MFaction,0x4,filename,24
MFaction,0x1C,search_key,24
MFaction,0x34,name_leader,24
MFaction,0x4C,title_leader,24
MFaction,0x64,adj_leader,128
MFaction,0xE4,adj_insult_leader,128
MFaction,0x164,adj_faction,128
MFaction,0x1E4,adj_insult_faction,128
MFaction,0x264,thinker_unused,12
MFaction,0x270,thinker_probe_lost,1
MFaction,0x271,thinker_probe_renew,1
MFaction,0x272,thinker_last_mc_turn,2
MFaction,0x274,thinker_probe_end_turn,16
MFaction,0x284,pad_1,96
MFaction,0x2E4,noun_faction,24
MFaction,0x2FC,noun_gender,4
MFaction,0x300,is_noun_plural,4
MFaction,0x304,adj_name_faction,128
MFaction,0x384,formal_name_faction,40
MFaction,0x3AC,insult_leader,24
MFaction,0x3C4,desc_name_faction,24
MFaction,0x3DC,assistant_name,24
MFaction,0x3F4,scientist_name,24
MFaction,0x40C,assistant_city,24
MFaction,0x424,pad_2,176
MFaction,0x4D4,rule_tech_selected,4
MFaction,0x4D8,rule_morale,4
MFaction,0x4DC,rule_research,4
MFaction,0x4E0,rule_drone,4
MFaction,0x4E4,rule_talent,4
MFaction,0x4E8,rule_energy,4
MFaction,0x4EC,rule_interest,4
MFaction,0x4F0,rule_population,4
MFaction,0x4F4,rule_hurry,4
MFaction,0x4F8,rule_techcost,4
MFaction,0x4FC,rule_psi,4
MFaction,0x500,rule_sharetech,4
MFaction,0x504,rule_commerce,4
MFaction,0x508,rule_flags,4
MFaction,0x50C,faction_bonus_count,4
MFaction,0x510,faction_bonus_id,32
MFaction,0x530,faction_bonus_val1,32
MFaction,0x550,faction_bonus_val2,32
MFaction,0x570,AI_fight,4
MFaction,0x574,AI_growth,4
MFaction,0x578,AI_tech,4
MFaction,0x57C,AI_wealth,4
MFaction,0x580,AI_power,4
MFaction,0x584,soc_priority_category,4
MFaction,0x588,soc_opposition_category,4
MFaction,0x58C,soc_priority_model,4
MFaction,0x590,soc_opposition_model,4
MFaction,0x594,soc_priority_effect,4
MFaction,0x598,soc_opposition_effect,4
MapNode,,(sizeof),
MapNode,0x0,x,4
MapNode,0x4,y,4
MapNode,0x8,type,4
MapTile,0x0,x,4
MapTile,0x4,y,4
MapTile,0x8,i,4
MapTile,0xC,sq,4
MapTile,0x10,(sizeof),
Menu,,(sizeof),
Menu,,aMainMenuItems,
Menu,,field_A1C,4
Menu,,field_A20,4
Menu,,field_A28,4
Menu,,iBaseMenuItemCount,4
Menu,,iHitBoxTagClicked,4
Menu,,oHitBoxList,
Menu,0x0,oWinBuffed,2580
Monument,,(sizeof),
Monument,0x0,data1,820
NameNode,0x0,field_0,4
NameNode,0x4,field_4,4
NameNode,0x8,field_8,600
NameNode,0x260,(sizeof),
Net,,(sizeof),
Net,,field_100,4
Net,,field_104,4
Net,,field_108,4
Net,,field_11C,4
Net,,field_120,4
Net,,field_124,4
Net,,field_128,4
Net,,field_12C,4
Net,,field_140,4
Net,,field_144,4
Net,,field_148,4
Net,,field_14C,4
Net,,field_150,4
Net,,field_154,4
Net,,field_158,4
Net,,field_15C,4
Net,,field_160,4
Net,,field_164,4
Net,,field_168,4
Net,,field_16C,4
Net,,field_170,4
Net,,field_174,4
Net,,field_178,4
Net,,field_17C,4
Net,,field_180,4
Net,,field_184,4
Net,,field_188,4
Net,,field_18C,4
Net,,field_190,4
Net,,field_194,4
Net,,field_198,4
Net,,field_19C,4
Net,,field_1A0,4
Net,,field_1A4,4
Net,,field_1A8,4
Net,,field_1AC,4
Net,,field_1B0,4
Net,,field_1B4,4
Net,,field_1B8,4
Net,,field_1BC,4
Net,,field_1C0,4
Net,,field_1C4,4
Net,,field_1C8,4
Net,,field_1CC,4
Net,,field_1D0,4
Net,,field_1D4,4
Net,,field_1D8,4
Net,,field_1DC,4
Net,,field_1E0,4
Net,,field_1E4,4
Net,,field_1E8,4
Net,,field_1EC,4
Net,,field_1F0,4
Net,,field_1F4,4
Net,,field_1F8,4
Net,,field_1FC,4
Net,,field_200,256
Net,,field_300,256
Net,,field_400,256
Net,,field_500,256
Net,,field_600,256
Net,,field_700,96
Net,,field_B0,4
Net,,field_B4,4
Net,,field_B8,4
Net,,field_BC,4
Net,,field_C0,4
Net,,field_C4,4
Net,,field_C8,4
Net,,field_CC,4
Net,,field_D0,4
Net,,field_D4,4
Net,,field_D8,4
Net,,field_DC,4
Net,,field_E0,4
Net,,field_E4,4
Net,,field_F8,4
Net,,field_FC,4
Net,,netFifo1,
Net,,netFifo2,
Net,,netFifo3,
Net,0x0,vtable,4
Net,0x4,field_4,4
Net,0x8,field_8,4
Net,0xC,field_C,4
Net,0x10,field_10,4
Net,0x14,field_14,4
Net,0x18,field_18,4
Net,0x1C,field_1C,4
Net,0x20,field_20,4
Net,0x24,field_24,4
Net,0x28,field_28,4
Net,0x2C,field_2C,4
Net,0x30,field_30,4
Net,0x34,field_34,4
Net,0x38,field_38,4
Net,0x3C,field_3C,4
Net,0x40,field_40,4
Net,0x44,field_44,4
Net,0x48,field_48,4
Net,0x4C,field_4C,4
Net,0x50,field_50,4
Net,0x54,field_54,4
Net,0x58,voiceTx,
NetFifo,0x0,field_0,4
NetFifo,0x4,field_4,4
NetFifo,0x8,field_8,4
NetFifo,0xC,field_C,4
NetFifo,0x10,(sizeof),
NetMessage,,(sizeof),
NetMessage,,time,40
PCXHeader,0x0,Identifier,1
PCXHeader,0x1,Version,1
PCXHeader,0x2,Encoding,1
PCXHeader,0x3,BitsPerPixel,1
PCXHeader,0x4,XStart,2
PCXHeader,0x6,YStart,2
PCXHeader,0x8,XEnd,2
PCXHeader,0xA,YEnd,2
PCXHeader,0xC,HorzRes,2
PCXHeader,0xE,VertRes,2
PCXHeader,0x10,Palette,48
PCXHeader,0x40,Reserved1,1
PCXHeader,0x41,NumBitPlanes,1
PCXHeader,0x42,BytesPerLine,2
PCXHeader,0x44,PaletteType,2
PCXHeader,0x46,HorzScreenSize,2
PCXHeader,0x48,VertScreenSize,2
PCXHeader,0x4A,Reserved2,54
PCXHeader,0x80,(sizeof),
PInfo,,(sizeof),
PInfo,0x0,former,4
PInfo,0x4,safety,4
PInfo,0x8,target,4
PInfo,0xC,roads,4
PInfo,0x10,flags,4
PInfo,0x14,unit_near,4
PInfo,0x18,unit_path,4
PInfo,0x1C,enemy,4
PInfo,0x20,enemy_near,4
PInfo,0x24,enemy_dist,4
PInfo,0x28,enemy_rank,4
PInfo,0x2C,overlay,4
Palette,,(sizeof),
Palette,0x0,colors,
Palette,,paletteInternal,
Palette,,seed,4
Path,0x0,mapTable,4
Path,0x4,xTable,4
Path,0x8,yTable,4
Path,0xC,index1,4
Path,0x10,index2,4
Path,0x14,faction_id1,4
Path,0x18,xDst,4
Path,0x1C,yDst,4
Path,0x20,field_20,4
Path,0x24,faction_id2,4
Path,0x28,unit_id,4
Path,0x2C,(sizeof),
Point,,(sizeof),
Point,0x0,x,4
Point,0x4,y,4
Popup,0x3230,scroll,8524
Popup,0x537C,(sizeof),
PushButton,0xAB8,field_AB8,4
PushButton,0xABC,field_ABC,4
PushButton,0xAC0,field_AC0,4
PushButton,0xAC4,field_AC4,4
PushButton,0xAC8,field_AC8,4
PushButton,0xACC,field_ACC,4
PushButton,0xAD0,field_AD0,4
PushButton,0xAD4,field_AD4,4
PushButton,0xAD8,field_AD8,4
PushButton,0xADC,field_ADC,4
PushButton,0xAE0,field_AE0,4
PushButton,0xAE4,field_AE4,4
PushButton,0xAE8,field_AE8,4
PushButton,0xAEC,field_AEC,4
PushButton,0xAF0,field_AF0,4
PushButton,0xAF4,field_AF4,4
PushButton,0xAF8,field_AF8,4
PushButton,0xAFC,field_AFC,4
PushButton,0xB00,(sizeof),
RenderWindow,,(sizeof),
RenderWindow,,base_id,4
RenderWindow,,drawOnlyCursor,4
RenderWindow,,field_21A48,4
RenderWindow,,field_21A4C,4
RenderWindow,,field_21A50,4
RenderWindow,,field_21A54,4
RenderWindow,,field_21A58,4
RenderWindow,,field_21A5C,4
RenderWindow,,field_21A60,4
RenderWindow,,field_21A64,4
RenderWindow,,field_21A68,4
RenderWindow,,field_22480,4
RenderWindow,,field_22484,4
RenderWindow,,field_2248C,4
RenderWindow,,field_22490,4
RenderWindow,,field_22494,4
RenderWindow,,field_2249C,4
RenderWindow,,field_224A0,4
RenderWindow,,field_224A4,4
RenderWindow,,field_224A8,4
RenderWindow,,field_224AC,4
RenderWindow,,field_224B0,4
RenderWindow,,field_224B4,4
RenderWindow,,field_224B8,4
RenderWindow,,field_224BC,4
RenderWindow,,field_224C0,4
RenderWindow,,field_224C4,4
RenderWindow,,field_224C8,4
RenderWindow,,field_224CC,4
RenderWindow,,field_224D0,4
RenderWindow,,field_224D4,4
RenderWindow,,field_224D8,4
RenderWindow,,field_224DC,4
RenderWindow,,field_224E0,4
RenderWindow,,field_224E4,4
RenderWindow,,field_224E8,4
RenderWindow,,field_224EC,4
RenderWindow,,field_224F0,4
RenderWindow,,field_224F4,4
RenderWindow,,field_224F8,4
RenderWindow,,field_224FC,4
RenderWindow,,field_22500,4
RenderWindow,,field_22504,4
RenderWindow,,field_22508,4
RenderWindow,,field_2250C,4
RenderWindow,,field_22510,4
RenderWindow,,field_22514,4
RenderWindow,,field_22528,2776
RenderWindow,,field_23000,4096
RenderWindow,,field_24000,4096
RenderWindow,,field_25000,4096
RenderWindow,,field_26000,4096
RenderWindow,,field_27000,4096
RenderWindow,,field_28000,4096
RenderWindow,,field_29000,572
RenderWindow,,iResWindowTab,4
RenderWindow,,oBufWin,2580
RenderWindow,,rResWindow,16
RenderWindow,0xA14,field_A14,1516
RenderWindow,0x1000,field_1000,4096
RenderWindow,0x2000,field_2000,4096
RenderWindow,0x3000,field_3000,4096
RenderWindow,0x4000,field_4000,4096
RenderWindow,0x5000,field_5000,4096
RenderWindow,0x6000,field_6000,4096
RenderWindow,0x7000,field_7000,4096
RenderWindow,0x8000,field_8000,4096
RenderWindow,0x9000,field_9000,4096
RenderWindow,0xA000,field_A000,4096
RenderWindow,0xB000,field_B000,4096
RenderWindow,0xC000,field_C000,4096
RenderWindow,0xD000,field_D000,4096
RenderWindow,0xE000,field_E000,4096
RenderWindow,0xF000,field_F000,4096
RenderWindow,0x10000,field_10000,4096
RenderWindow,0x11000,field_11000,4096
RenderWindow,0x12000,field_12000,4096
RenderWindow,0x13000,field_13000,4096
RenderWindow,0x14000,field_14000,4096
RenderWindow,0x15000,field_15000,4096
RenderWindow,0x16000,field_16000,4096
RenderWindow,0x17000,field_17000,4096
RenderWindow,0x18000,field_18000,4096
RenderWindow,0x19000,field_19000,4096
RenderWindow,0x1A000,field_1A000,4096
RenderWindow,0x1B000,field_1B000,4096
RenderWindow,0x1C000,field_1C000,4096
RenderWindow,0x1D000,field_1D000,3436
RenderWindow,0x1DD6C,iZoomX2,4
RenderWindow,0x1DD70,iWhatToDrawFlags,4
RenderWindow,0x1DD74,iDrawToggleA,4
RenderWindow,0x1DD78,iDrawToggleB,4
RenderWindow,0x1DD7C,field_1DD7C,4
RenderWindow,0x1DD80,field_1DD80,4
RenderWindow,0x1DD84,field_1DD84,4
RenderWindow,0x1DD88,field_1DD88,4
RenderWindow,0x1DD8C,field_1DD8C,4
RenderWindow,0x1DD90,field_1DD90,4
RenderWindow,0x1DD94,field_1DD94,4
RenderWindow,0x1DD98,iZoomFactor,4
RenderWindow,0x1DD9C,iTileX,4
RenderWindow,0x1DDA0,iTileY,4
RenderWindow,0x1DDA4,iMapTileLeft,4
RenderWindow,0x1DDA8,iMapTileTop,4
RenderWindow,0x1DDAC,iMapPixelLeft,4
RenderWindow,0x1DDB0,iMapPixelTop,4
RenderWindow,0x1DDB4,iPixelsPerTileX,4
RenderWindow,0x1DDB8,iPixelsPerHalfTileX,4
RenderWindow,0x1DDBC,iPixelsPerTileY,4
RenderWindow,0x1DDC0,iPixelsPerHalfTileY_2,4
RenderWindow,0x1DDC4,iPixelsPerHalfTileY,4
RenderWindow,0x1DDC8,iZoomX12_2,4
RenderWindow,0x1DDCC,iMapTilesOddX,4
RenderWindow,0x1DDD0,iMapTilesOddY,4
RenderWindow,0x1DDD4,iMapTilesEvenX,4
RenderWindow,0x1DDD8,iMapTilesEvenY,4
RenderWindow,0x1DDDC,iZoomX12,4
RenderWindow,0x1DDE0,iZoomX4,4
RenderWindow,0x1DDE4,field_1DDE4,4
RenderWindow,0x1DDE8,field_1DDE8,4
RenderWindow,0x1DDEC,field_1DDEC,4
RenderWindow,0x1DDF0,field_1DDF0,4
RenderWindow,0x1DDF4,field_1DDF4,4
RenderWindow,0x1DDF8,field_1DDF8,4
RenderWindow,0x1DDFC,field_1DDFC,4
RenderWindow,0x1DE00,field_1DE00,4
RenderWindow,0x1DE04,field_1DE04,4
RenderWindow,0x1DE08,field_1DE08,4
RenderWindow,0x1DE0C,field_1DE0C,4
RenderWindow,0x1DE10,field_1DE10,4
RenderWindow,0x1DE14,field_1DE14,4
RenderWindow,0x1DE18,field_1DE18,4
RenderWindow,0x1DE1C,field_1DE1C,4
RenderWindow,0x1DE20,field_1DE20,4
RenderWindow,0x1DE24,field_1DE24,4
RenderWindow,0x1DE28,oCanvas1,1416
RenderWindow,0x1E3B0,oCanvas2,1416
RenderWindow,0x1E938,oCanvas3,1416
RenderWindow,0x1EEC0,iLastZoomFactor,4
RenderWindow,0x1EEC4,iLastZoomX2,4
RenderWindow,0x1EEC8,oFont1,40
RenderWindow,0x1EEF0,iFont1Height,4
RenderWindow,0x1EEF4,oFont2,40
RenderWindow,0x1EF1C,iFont2Height,4
RenderWindow,0x1EF20,oFont3,40
RenderWindow,0x1EF48,iFont3Height,4
RenderWindow,0x1EF4C,field_1EF4C,4
RenderWindow,0x1EF50,field_1EF50,4
RenderWindow,0x1EF54,oaClass3B,
ReplayEvent,0x0,event,1
ReplayEvent,0x1,faction_id,1
ReplayEvent,0x2,turn,2
ReplayEvent,0x4,x,2
ReplayEvent,0x6,y,2
ReplayEvent,0x8,(sizeof),
ReportInfc,,(sizeof),
ReportInfc,,field_10,4
ReportInfc,,field_14,4
ReportInfc,,field_18,4
ReportInfc,,field_1C,4
ReportInfc,,field_20,4
ReportInfc,,field_24,4
ReportInfc,,field_28,4
ReportInfc,,field_2C,4
ReportInfc,,field_30,4
ReportInfc,,field_34,4
ReportInfc,,field_38,4
ReportInfc,,field_3C,4
ReportInfc,,field_40,4
ReportInfc,,field_44,4
ReportInfc,,field_48,4
ReportInfc,,field_4C,4
ReportInfc,,field_50,4
ReportInfc,,field_54,4
ReportInfc,,field_58,4
ReportInfc,,field_5C,4
ReportInfc,,field_60,4
ReportInfc,,field_64,4
ReportInfc,,field_68,4
ReportInfc,,field_6C,4
ReportInfc,,field_70,4
ReportInfc,,field_74,4
ReportInfc,,field_78,4
ReportInfc,,field_7C,4
ReportInfc,,field_8,4
ReportInfc,,field_80,131716
ReportInfc,,field_C,4
ResValue,0x0,nutrient,4
ResValue,0x4,mineral,4
ResValue,0x8,energy,4
ResValue,0xC,unused,4
ResValue,0x10,(sizeof),
Scroll,0xA14,field_A14,4
Scroll,0xA18,field_A18,4
Scroll,0xA1C,border_color,4
Scroll,0xA20,field_A20,4
Scroll,0xA24,field_A24,4
Scroll,0xA28,field_A28,4
Scroll,0xA2C,position,4
Scroll,0xA30,field_A30,4
Scroll,0xA34,field_A34,4
Scroll,0xA38,field_A38,4
Scroll,0xA3C,field_A3C,4
Scroll,0xA40,paging,4
Scroll,0xA44,field_A44,4
Scroll,0xA48,field_A48,4
Scroll,0xA4C,field_A4C,4
Scroll,0xA50,field_A50,4
Scroll,0xA54,bar_thickness1,4
Scroll,0xA58,bar_thickness2,4
Scroll,0xA5C,color,4
Scroll,0xA60,bar_thickness3,4
Scroll,0xA64,buffer,4
Scroll,0xA68,bevel_thickness,4
Scroll,0xA6C,bevel_upper,4
Scroll,0xA70,bevel_lower,4
Scroll,0xA74,field_A74,4
Scroll,0xA78,field_A78,4
Scroll,0xA7C,sprite_left1,4
Scroll,0xA80,sprite_left2,4
Scroll,0xA84,sprite_left3,4
Scroll,0xA88,field_A88,4
Scroll,0xA8C,field_A8C,4
Scroll,0xA90,field_A90,4
Scroll,0xA94,sprite_right1,4
Scroll,0xA98,sprite_right2,4
Scroll,0xA9C,sprite_right3,4
Scroll,0xAA0,field_AA0,4
Scroll,0xAA4,field_AA4,4
Scroll,0xAA8,field_AA8,4
Scroll,0xAAC,flatButton_left,2892
Scroll,0x15F8,flatButton_right,2892
Scroll,0x2144,field_2144,4
Scroll,0x2148,field_2148,4
Scroll,0x214C,(sizeof),
SetupWin,0xA14,field_A14,1516
SetupWin,0x1000,field_1000,1696
SetupWin,0x16A0,(sizeof),
Sound,0x0,vtable,4
Sound,0x4,volume,4
Sound,0x8,pan,4
Sound,0xC,field_C,4
Sound,0x10,field_10,4
Sound,0x14,field_14,4
Sound,0x18,field_18,4
Sound,0x1C,field_1C,4
Sound,0x20,field_20,4
Sound,0x24,field_24,4
Sound,0x28,field_28,4
Sound,0x2C,field_2C,4
Sound,0x30,loop_state,4
Sound,0x34,delay,4
Sound,0x38,fade,4
Sound,0x3C,field_3C,4
Sound,0x40,flags,4
Sound,0x44,field_44,4
Sound,0x48,field_48,4
Sound,0x4C,fname,4
Sound,0x50,sound_type,4
Sound,0x54,(sizeof),
SpotList,0x0,spots,4
SpotList,0x4,max_count,4
SpotList,0x8,cur_count,4
SpotList,0xC,(sizeof),
Sprite,0x0,ppszFileName,4
Sprite,0x4,pcBits,4
Sprite,0x8,cTransparentIndex,1
Sprite,0x9,f9,3
Sprite,0xC,iSpriteWidth2,4
Sprite,0x10,iSpriteWidth,4
Sprite,0x14,iSpriteHeight,4
Sprite,0x18,iWidth,4
Sprite,0x1C,iHeight,4
Sprite,0x20,iLeftOffset,4
Sprite,0x24,iTopOffset,4
Sprite,0x28,fObj1Exists,4
Sprite,0x2C,(sizeof),
SpriteBox,,(sizeof),
SpriteBox,,dialog,244
SpriteBox,0x0,field_0,4
SpriteBox,,field_1C,4
SpriteBox,,field_20,4
SpriteBox,,field_24,4
SpriteBox,,field_28,4
SpriteBox,,field_2C,4
SpriteBox,,field_30,4
SpriteBox,,field_34,4
SpriteBox,,field_38,4
SpriteBox,,field_3C,4
SpriteBox,,field_40,4
SpriteBox,,field_44,4
SpriteBox,,field_48,4
SpriteBox,,field_4C,4
SpriteBox,,field_50,4
SpriteBox,,field_54,4
SpriteBox,,field_58,4
SpriteBox,,field_5C,4
SpriteBox,,field_60,4
SpriteBox,,field_64,4
SpriteBox,,field_68,4
SpriteBox,,field_6C,4
SpriteBox,,field_70,4
SpriteBox,,field_74,4
SpriteBox,,field_78,4
SpriteBox,,field_7C,4
SpriteBox,,field_80,4
SpriteBox,,field_84,4
SpriteBox,,field_88,4
SpriteBox,,field_AA0,4
SpriteBox,,graphicWin,2580
SpriteBox,0x4,field_4,4
SpriteBox,0x8,field_8,4
SpriteBox,0xC,field_C,4
SpriteBox,0x10,spot,
StatusWin,,(sizeof),
StatusWin,0x0,field_0,4
StatusWin,0x4,field_4,4
StatusWin,0x8,field_8,4
StatusWin,0xC,field_C,4
StatusWin,0x10,field_10,4
StatusWin,0x14,field_14,4
StatusWin,0x18,field_18,4
StatusWin,0x1C,field_1C,4
StatusWin,0x20,field_20,4
StatusWin,0x24,field_24,4
StatusWin,0x28,field_28,4
StatusWin,0x2C,field_2C,4
StatusWin,0x30,caviar,5072
StatusWin,0x1400,field_1400,4
StatusWin,0x1404,field_1404,4
StatusWin,0x1408,field_1408,4
StatusWin,0x140C,field_140C,4
StatusWin,0x1410,field_1410,4
StatusWin,0x1414,field_1414,4
StatusWin,0x1418,field_1418,4
StatusWin,0x141C,field_141C,4
StatusWin,0x1420,field_1420,4
StatusWin,0x1424,field_1424,4
StatusWin,0x1428,field_1428,4
StatusWin,0x142C,field_142C,4
StatusWin,0x1430,field_1430,4
StatusWin,0x1434,field_1434,4
StatusWin,0x1438,field_1438,4
StatusWin,0x143C,field_143C,4
StatusWin,0x1440,field_1440,4
StatusWin,0x1444,field_1444,4
StatusWin,0x1448,field_1448,4
StatusWin,0x144C,field_144C,4
StatusWin,0x1450,field_1450,4
StatusWin,0x1454,field_1454,4
StatusWin,0x1458,field_1458,4
StatusWin,0x145C,field_145C,4
StatusWin,0x1460,field_1460,4
StatusWin,0x1464,field_1464,4
StatusWin,0x1468,field_1468,4
StatusWin,0x146C,field_146C,4
StatusWin,0x1470,field_1470,4
StatusWin,0x1474,field_1474,4
StatusWin,0x1478,field_1478,4
StatusWin,0x147C,field_147C,4
StatusWin,0x1480,field_1480,4
StatusWin,0x1484,field_1484,4
StatusWin,0x1488,field_1488,4
StatusWin,0x148C,field_148C,4
StatusWin,0x1490,field_1490,4
StatusWin,0x1494,field_1494,4
StatusWin,0x1498,field_1498,4
StatusWin,0x149C,field_149C,4
StatusWin,0x14A0,field_14A0,4
StatusWin,0x14A4,field_14A4,4
StatusWin,0x14A8,field_14A8,4
StatusWin,0x14AC,field_14AC,4
StatusWin,0x14B0,field_14B0,4
StatusWin,0x14B4,field_14B4,4
StatusWin,0x14B8,field_14B8,4
StatusWin,0x14BC,field_14BC,4
StatusWin,0x14C0,field_14C0,4
StatusWin,0x14C4,field_14C4,4
StatusWin,0x14C8,field_14C8,4
StatusWin,0x14CC,field_14CC,4
StatusWin,0x14D0,field_14D0,4
StatusWin,0x14D4,field_14D4,4
StatusWin,0x14D8,field_14D8,4
StatusWin,0x14DC,field_14DC,4
StatusWin,0x14E0,field_14E0,4
StatusWin,0x14E4,field_14E4,4
StatusWin,0x14E8,field_14E8,4
StatusWin,0x14EC,field_14EC,4
StatusWin,0x14F0,field_14F0,4
StatusWin,0x14F4,field_14F4,4
StatusWin,0x14F8,field_14F8,4
StatusWin,0x14FC,field_14FC,4
StatusWin,0x1500,field_1500,4
StatusWin,0x1504,field_1504,4
StatusWin,0x1508,field_1508,4
StatusWin,0x150C,field_150C,4
StatusWin,0x1510,field_1510,4
StatusWin,0x1514,field_1514,4
StatusWin,0x1518,field_1518,4
StatusWin,0x151C,field_151C,4
StatusWin,0x1520,field_1520,4
StatusWin,0x1524,field_1524,4
StatusWin,0x1528,field_1528,4
StatusWin,0x152C,field_152C,4
StatusWin,0x1530,oFontNorm,40
StatusWin,0x1558,oFontItal,40
StatusWin,0x1580,oFontBold,40
StatusWin,0x15A8,iTileInfoTab,4
StatusWin,0x15AC,iFontHeight,4
StatusWin,0x15B0,field_15B0,4
StatusWin,0x15B4,iTileX,4
StatusWin,0x15B8,iTileY,4
StatusWin,0x15BC,iUnitIndex,4
StatusWin,0x15C0,iCityIndex,4
StatusWin,0x15C4,field_15C4,4
StatusWin,0x15C8,field_15C8,4
StatusWin,0x15CC,field_15CC,4
StatusWin,0x15D0,field_15D0,4
StatusWin,0x15D4,field_15D4,4
StatusWin,0x15D8,fInOnClick,4
StatusWin,0x15DC,field_15DC,4
StatusWin,0x15E0,oHitBoxList,
Strings,0x0,oMemAllocator,20
Strings,0x14,fAllocated,4
Strings,0x18,(sizeof),
SubInterface,0x0,vtable,4
SubInterface,0x4,field_4,4
SubInterface,0x8,(sizeof),
TTilePos,0x0,field_0,1
TTilePos,0x1,field_1,1
TTilePos,0x2,field_2,1
TTilePos,0x3,field_3,1
TTilePos,0x4,field_4,1
TTilePos,0x5,field_5,1
TTilePos,0x6,field_6,1
TTilePos,0x7,field_7,1
TTilePos,0x8,field_8,1
TTilePos,0x9,field_9,1
TTilePos,0xA,field_A,1
TTilePos,0xB,field_B,1
TTilePos,0xC,(sizeof),
Texture,0x0,pcBits,4
Texture,0x4,iWidth,4
Texture,0x8,iHeight,4
Texture,0xC,dwordC,4
Texture,0x10,dword10,4
Texture,0x14,iWidthLess1,4
Texture,0x18,dword18,4
Texture,0x1C,dword1C,4
Texture,0x20,iHeightLess1,4
Texture,0x24,dword24,4
Texture,0x28,iHeightLess1_2,4
Texture,0x2C,dword2C,4
Texture,0x30,dword30,4
Texture,0x34,dword34,4
Texture,0x38,dword38,4
Texture,0x3C,iWidthLess1_2,4
Texture,0x40,dword40,4
Texture,0x44,iWidthLess1_3,4
Texture,0x48,iCenterY,4
Texture,0x4C,iWidthLess1_4,4
Texture,0x50,iHeightLess1_3,4
Texture,0x54,iCenterX,4
Texture,0x58,iHeightLess1_4,4
Texture,0x5C,dword5C,4
Texture,0x60,iHeightLess1_5,4
Texture,0x64,dword64,4
Texture,0x68,iCenterY_2,4
Texture,0x6C,fNotMalloced,4
Texture,0x70,(sizeof),
ThinkerData,0x0,reserved,8
ThinkerData,0x8,game_time_spent,8
ThinkerData,0x10,build_date,12
ThinkerData,0x1C,map_random_value,4
ThinkerData,0x20,padding,144
ThinkerData,0xB0,(sizeof),
TileValue,0x0,x,4
TileValue,0x4,y,4
TileValue,0x8,i,4
TileValue,0xC,sq,4
TileValue,0x10,nutrient,4
TileValue,0x14,mineral,4
TileValue,0x18,energy,4
TileValue,0x1C,(sizeof),
Time,0x0,iFlags,4
Time,0x4,iResult,4
Time,0x8,field_8,4
Time,0xC,field_C,4
Time,0x10,field_10,4
Time,0x14,field_14,4
Time,0x18,iElapse,4
Time,0x1C,fFired,4
Time,0x20,iResolution,4
Time,0x24,field_24,4
Time,0x28,(sizeof),
UNIT,,(sizeof),
UNIT,0x0,name,32
UNIT,0x20,ability_flags,4
UNIT,0x24,chassis_id,1
UNIT,0x25,weapon_id,1
UNIT,0x26,armor_id,1
UNIT,0x27,reactor_id,1
UNIT,0x28,carry_capacity,1
UNIT,0x29,cost,1
UNIT,0x2A,plan,1
UNIT,0x2B,group_id,1
UNIT,0x2C,obsolete_factions,1
UNIT,0x2D,combat_factions,1
UNIT,0x2E,icon_offset,1
UNIT,0x2F,pad_1,1
UNIT,0x30,unit_flags,2
UNIT,0x32,preq_tech,2
VEH,,(sizeof),
VEH,,1,
VEH,0x0,x,2
VEH,0x2,y,2
VEH,0x4,state,4
VEH,0x8,flags,2
VEH,0xA,unit_id,2
VEH,0xC,pad_0,2
VEH,0xE,faction_id,1
VEH,0xF,year_end_lurking,1
VEH,0x10,damage_taken,1
VEH,0x11,order,1
VEH,0x12,waypoint_count,1
VEH,0x13,patrol_current_point,1
VEH,0x14,waypoint_x,8
VEH,0x1C,waypoint_y,8
VEH,0x24,morale,1
VEH,0x25,movement_turns,1
VEH,0x26,order_auto_type,1
VEH,0x27,visibility,1
VEH,0x28,moves_spent,1
VEH,0x29,rotate_angle,1
VEH,0x2A,iter_count,1
VEH,0x2B,status_icon,1
VEH,0x2C,probe_action,1
VEH,0x2D,probe_sabotage_id,1
VEH,0x2E,home_base_id,2
VEH,0x30,next_veh_id_stack,2
VEH,0x32,prev_veh_id_stack,2
VoiceTx,0x0,field_0,4
VoiceTx,0x4,field_4,4
VoiceTx,0x8,field_8,4
VoiceTx,0xC,field_C,4
VoiceTx,0x10,field_10,4
VoiceTx,0x14,field_14,4
VoiceTx,0x18,field_18,4
VoiceTx,0x1C,field_1C,4
VoiceTx,0x20,field_20,4
VoiceTx,0x24,field_24,4
VoiceTx,0x28,field_28,4
VoiceTx,0x2C,field_2C,4
VoiceTx,0x30,field_30,4
VoiceTx,0x34,field_34,4
VoiceTx,0x38,field_38,4
VoiceTx,0x3C,field_3C,4
VoiceTx,0x40,field_40,4
VoiceTx,0x44,field_44,4
VoiceTx,0x48,field_48,4
VoiceTx,0x4C,field_4C,4
VoiceTx,0x50,field_50,4
VoiceTx,0x54,field_54,4
VoiceTx,0x58,(sizeof),
WItem,0x0,AI_growth,4
WItem,0x4,AI_tech,4
WItem,0x8,AI_wealth,4
WItem,0xC,AI_power,4
WItem,0x10,AI_fight,4
WItem,0x14,(sizeof),
Wave,,(sizeof),
Wave,,field_54,4
Wave,,field_64,4
Wave,,field_68,4
Wave,,ms_length,4
Wave,,pitch,4
Wave,,reverb_mix,4
Win,,(sizeof),
Win,,apoChildren,600
Win,,cBackgroundColor,4
Win,,fHasBorder,4
Win,,field_104,4
Win,,field_108,4
Win,,field_10C,4
Win,,field_110,4
Win,,field_114,4
Win,,field_128,4
Win,,field_130,4
Win,,field_15C,4
Win,,field_160,4
Win,,field_164,4
Win,,field_168,4
Win,,field_174,4
Win,,field_178,4
Win,,field_17C,4
Win,,field_180,4
Win,,field_184,4
Win,,field_18C,4
Win,,field_190,4
Win,,field_19C,4
Win,,field_400,4
Win,,field_404,4
Win,,field_408,4
Win,,field_40C,4
Win,,field_410,4
Win,,field_414,4
Win,,field_418,4
Win,,field_41C,4
Win,,field_420,4
Win,,field_424,4
Win,,field_428,4
Win,,field_42C,4
Win,,field_430,4
Win,,field_434,4
Win,,field_438,4
Win,,field_E4,4
Win,,field_E8,4
Win,,field_EC,4
Win,,field_F0,4
Win,,field_F8,4
Win,,iBackbufferBackgroundColor,4
Win,,iBorderColor1,4
Win,,iBorderColor2,4
Win,,iBorderSize,4
Win,,iCaptionSize,4
Win,,iChildCount,4
Win,,iMinPosLeft,4
Win,,iMinPosTop,4
Win,,iNCSize,4
Win,,iSomeFlag2,4
Win,,nCursorName,4
Win,,pCanvasBackBuffer,4
Win,,pCanvasBackground,4
Win,,phCursor,4
Win,,pszCaption,4
Win,,rRect1,16
Win,,rRect2,16
Win,,scroll_horz,4
Win,,scroll_vert,4
Win,,sprtCursor,4
Win,0x0,vtable,4
Win,0x4,field_4,4
Win,0x8,field_8,4
Win,0xC,field_C,4
Win,0x10,field_10,4
Win,0x14,field_14,4
Win,0x18,field_18,4
Win,0x1C,field_1C,4
Win,0x20,field_20,4
Win,0x24,field_24,4
Win,0x28,field_28,4
Win,0x2C,field_2C,4
Win,0x30,field_30,4
Win,0x34,field_34,4
Win,0x38,field_38,4
Win,0x3C,field_3C,4
Win,0x40,field_40,4
Win,0x44,field_44,4
Win,0x48,field_48,4
Win,0x4C,field_4C,4
Win,0x50,field_50,4
Win,0x54,field_54,4
Win,0x58,field_58,4
Win,0x5C,field_5C,4
Win,0x60,field_60,4
Win,0x64,field_64,4
Win,0x68,field_68,4
Win,0x6C,field_6C,4
Win,0x70,field_70,4
Win,0x74,field_74,4
Win,0x78,field_78,4
Win,0x7C,field_7C,4
Win,0x80,field_80,4
Win,0x84,field_84,4
Win,0x88,field_88,4
Win,0x8C,field_8C,4
Win,0x90,field_90,4
Win,0x94,field_94,4
Win,0x98,iFlags,4
Win,0x9C,iSomeFlag,4
Win,0xA0,field_A0,4
Win,0xA4,field_A4,4
Win,0xA8,poWinBase,4
Win,0xAC,iVertScaleDenom,4
Win,0xB0,iVertScaleNum,4
Win,0xB4,buffer1,4
Win,0xB8,buffer2,4
Win,0xBC,buffer3,4
Win,0xC0,buffer4,4
Win,0xC4,poParent,4
Win,0xC8,oChildList,
