address,kind
0x00401060,jump
0x00401560,jump
0x00401640,jump
0x00402500,jump
0x00402530,jump
0x00402970,jump
0x00404220,jump
0x00404240,jump
0x00404250,jump
0x00404260,jump
0x00404270,jump
0x00404280,jump
0x004042A0,jump
0x004066C0,jump
0x00406880,jump
0x00408710,jump
0x00416DD0,jump
0x0041A610,jump
0x0041AF20,jump
0x0041AF30,jump
0x0041B4E0,jump
0x0041DF40,jump
0x0041E4C0,jump
0x00422E10,jump
0x00422E20,jump
0x00422E70,jump
0x00422E80,jump
0x00422E90,jump
0x00422EA0,jump
0x00426EB0,jump
0x00426F80,jump
0x00427060,jump
0x00427070,jump
0x00427080,jump
0x00427090,jump
0x004270A0,jump
0x004270B0,jump
0x004270C0,jump
0x004270D0,jump
0x004270E0,jump
0x00427110,jump
0x00427120,jump
0x00428D80,jump
0x00428D90,jump
0x00428DA0,jump
0x00428DB0,jump
0x0042BD20,jump
0x0042BEA0,jump
0x0042BF00,jump
0x00431DB0,jump
0x00431EB0,jump
0x00431FB0,jump
0x00432000,jump
0x00432160,jump
0x00432170,jump
0x00432180,jump
0x00432190,jump
0x004321A0,jump
0x004321B0,jump
0x004321C0,jump
0x004321D0,jump
0x004321E0,jump
0x004321F0,jump
0x00432200,jump
0x004345C0,jump
0x0043D330,jump
0x0043D340,jump
0x0043D400,jump
0x0043D410,jump
0x0043D420,jump
0x0043D470,jump
0x0043D480,jump
0x004404C0,jump
0x004404D0,jump
0x004404E0,jump
0x004404F0,jump
0x00440500,jump
0x00440510,jump
0x00440520,jump
0x00440530,jump
0x00440540,jump
0x00440610,jump
0x004429F0,jump
0x00442A00,jump
0x00443D80,jump
0x00443D90,jump
0x00443DA0,jump
0x00443DB0,jump
0x00443DC0,jump
0x00443DD0,jump
0x00443DE0,jump
0x00443DF0,jump
0x00443E00,jump
0x00443E10,jump
0x00443E20,jump
0x00443E30,jump
0x00443E40,jump
0x00447220,jump
0x00447230,jump
0x00447240,jump
0x00447250,jump
0x00447260,jump
0x004472B0,jump
0x004472C0,jump
0x004472D0,jump
0x004472E0,jump
0x004472F0,jump
0x00447300,jump
0x00447690,jump
0x004476A0,jump
0x004476B0,jump
0x00447C60,jump
0x00447CA0,jump
0x00447CB0,jump
0x00447CC0,jump
0x004562F0,jump
0x00458900,jump
0x00458910,jump
0x00458920,jump
0x0045C170,jump
0x0045C280,jump
0x0045C5B0,jump
0x0045CC80,jump
0x0045CC90,jump
0x0045CCA0,jump
0x0045CDB0,jump
0x0045D160,jump
0x0045EB60,jump
0x0045EB70,jump
0x00467960,jump
0x0046FB80,jump
0x004713A0,jump
0x00471D40,jump
0x0047B750,jump
0x0047F920,jump
0x0047F930,jump
0x0047F940,jump
0x0047F950,jump
0x004834D0,jump
0x00483E90,jump
0x00483EA0,jump
0x00489B10,jump
0x00493C10,jump
0x00493E90,jump
0x00495160,jump
0x004980F0,jump
0x00498100,jump
0x004ADAD0,jump
0x004ADAE0,jump
0x004AEF00,jump
0x004B1790,jump
0x004B2400,jump
0x004B2410,jump
0x004B2440,jump
0x004B2450,jump
0x004B2460,jump
0x004B2670,jump
0x004B2680,jump
0x004B9F80,jump
0x004B9F90,jump
0x004BA830,jump
0x004C3E90,jump
0x004C45E0,jump
0x004C5840,jump
0x004C5860,jump
0x004C5880,jump
0x004C5890,jump
0x004C58B0,jump
0x004C58C0,jump
0x004C58E0,jump
0x004C58F0,jump
0x004C5AD0,jump
0x004C5AF0,jump
0x004C5B10,jump
0x004C5B20,jump
0x004C5B40,jump
0x004C5B50,jump
0x004C70D0,jump
0x004C70E0,jump
0x004C70F0,jump
0x004C7100,jump
0x004C7110,jump
0x004C7120,jump
0x004E25B0,jump
0x004E25E0,jump
0x004E2610,jump
0x004E2660,jump
0x004E26B0,jump
0x004E3A50,jump
0x00514189,jump
0x00525AF4,jump
0x0052AB6D,call
0x0052AC4A,call
0x0055BC00,jump
0x005882F0,jump
0x0058EE50,jump
0x005C9410,jump
0x005C98E0,jump
0x005D4CF0,jump
0x005D4DD0,jump
0x005D4E40,jump
0x005D7210,jump
0x005D7410,jump
0x005D7470,jump
0x005D8000,jump
0x005DAC70,jump
0x005DACB0,jump
0x005DACE0,jump
0x005DAD10,jump
0x005DAD40,jump
0x005DC790,jump
0x005DCA80,jump
0x005DCAB0,jump
0x005DE8F0,jump
0x005DF570,jump
0x005DF580,jump
0x005E3373,jump
0x005E34A3,jump
0x005E3503,jump
0x005E3563,jump
0x005E37E0,jump
0x005E3820,jump
0x005E4ADA,jump
0x005E4AEA,jump
0x005E4B4A,jump
0x005EAAFF,jump
0x005EAD8F,jump
0x005EB3D0,jump
0x005EB640,dependency
0x005EBC90,dependency
0x005EC680,jump
0x005EC690,jump
0x005EC6F0,jump
0x005EC7C0,jump
0x005ED240,jump
0x005ED7C0,jump
0x005ED7D0,jump
0x005EDFE0,jump
0x005EE020,jump
0x005EE0F0,jump
0x005EE110,jump
0x005EE130,jump
0x005EE160,jump
0x005F2CA0,jump
0x005F2CE0,jump
0x005F54B0,jump
0x005F54C0,jump
0x005F54D0,jump
0x005F6A30,jump
0x005F6A40,jump
0x005F7E90,jump
0x005F8500,jump
0x005F86C0,jump
0x005F88A0,jump
0x005F8C90,jump
0x005F8CA0,jump
0x005F8CB0,jump
0x005F8D20,jump
0x005F8D90,jump
0x005F8DF0,jump
0x005F9040,jump
0x005F90A0,jump
0x005F9F40,jump
0x005FA740,jump
0x005FA750,jump
0x005FA760,jump
0x005FA7A0,jump
0x005FA7E0,jump
0x005FB1C0,jump
0x005FB230,jump
0x005FB820,jump
0x005FB990,jump
0x005FC6A0,jump
0x005FD2B0,jump
0x005FE4F0,jump
0x005FE560,jump
0x00601B80,jump
0x006046F0,jump
0x00604730,jump
0x00604760,jump
0x00604790,jump
0x006047C0,jump
0x00604830,jump
0x00604860,jump
0x00604890,jump
0x006048C0,jump
0x00604900,jump
0x00604930,jump
0x00604960,jump
0x00604990,jump
0x006049C0,jump
0x006049F0,jump
0x00604A20,jump
0x00604A50,jump
0x00604A90,jump
0x00605370,jump
0x006054D0,dependency
0x00605840,jump
0x00605890,jump
0x006058D0,jump
0x00605910,jump
0x00605960,jump
0x006059B0,jump
0x00605A10,jump
0x00605A50,jump
0x00605A90,jump
0x00605AD0,jump
0x00605B10,jump
0x00605B80,jump
0x00605BE0,jump
0x00605C30,jump
0x00605C80,jump
0x00605CD0,jump
0x00605D20,jump
0x00606310,jump
0x00606C50,jump
0x00606EA0,jump
0x00606F00,jump
0x00606F30,jump
0x00607040,jump
0x006070C0,jump
0x00607360,jump
0x006073A0,jump
0x006073E0,jump
0x00607420,jump
0x00607450,jump
0x00607480,jump
0x006074B0,jump
0x006077F0,jump
0x00607800,jump
0x00607810,jump
0x00607DA0,jump
0x006099D0,jump
0x00609A50,jump
0x00609AF0,jump
0x00609B50,jump
0x00609C60,jump
0x00609C90,jump
0x00609CC0,jump
0x00609CF0,jump
0x00609D20,jump
0x00612960,jump
0x00614320,jump
0x00614350,jump
0x00614B80,jump
0x00616BC0,jump
0x00616DA0,jump
0x006176C0,jump
0x006176D0,jump
0x00618250,jump
0x00618260,jump
0x00618270,jump
0x00618290,jump
0x006182A0,jump
0x006183A0,jump
0x006183B0,jump
0x006183C0,jump
0x00618F30,jump
0x00628150,jump
0x0062A710,jump
0x0062AAF0,jump
0x0062AB00,jump
0x0062ACC0,jump
0x0062B5F0,jump
0x0062B7C0,jump
0x0062B7F0,jump
0x0062B810,jump
0x0062B850,jump
0x0062BA80,jump
0x006339B0,jump
0x006343C0,jump
0x006343D0,jump
0x00634430,jump
0x00634480,jump
0x006344B0,jump
0x00634670,jump
0x0063B930,jump
